sku,product_state,state_source,evidence_first_month_units,evidence_last_month_units,evidence_max_monthly_increase
AGAZANGR080,phase_out,HEURISTIC_PROXY,4.0,1.0,0.0
AGCTAB45G,phase_out,HEURISTIC_PROXY,2.0,1.0,0.0
AGCUNHAWH170,phase_out,HEURISTIC_PROXY,1.0,0.0,0.0
AGELOISGR080,phase_out,HEURISTIC_PROXY,4.0,1.0,0.0
AGELOISGR160,phase_out,HEURISTIC_PROXY,2.0,0.0,0.0
AGGATAGR080,phase_out,HEURISTIC_PROXY,2.0,1.0,0.0
AGJIO07SA080,active,HEURISTIC_PROXY,0.0,7.0,7.0
AGJIO07SA160,active,HEURISTIC_PROXY,0.0,5.0,5.0
AGJIO19GR080,active,HEURISTIC_PROXY,0.0,7.0,7.0
AGJIO19GR160,active,HEURISTIC_PROXY,0.0,5.0,5.0
AGLIANLBE160,phase_out,HEURISTIC_PROXY,2.0,1.0,1.0
AGLUSHB01PEARL080,active,HEURISTIC_PROXY,0.0,12.0,9.0
AGLUSHB01PEARL160,active,HEURISTIC_PROXY,0.0,6.0,4.0
AGLUSHB02GR080,active,HEURISTIC_PROXY,0.0,8.0,9.0
AGLUSHB02GR160,active,HEURISTIC_PROXY,0.0,5.0,4.0
AGLUSHB03WH080,active,HEURISTIC_PROXY,0.0,9.0,9.0
AGLUSHB03WH160,active,HEURISTIC_PROXY,0.0,7.0,5.0
AGMANY02PEARL080,active,HEURISTIC_PROXY,0.0,5.0,9.0
AGMANY02PEARL160,active,HEURISTIC_PROXY,0.0,5.0,5.0
AGMANY05PEARL080,active,HEURISTIC_PROXY,0.0,6.0,9.0
AGMANY05PEARL160,active,HEURISTIC_PROXY,0.0,6.0,6.0
AGMANY07GR080,active,HEURISTIC_PROXY,0.0,4.0,9.0
AGMANY07GR160,active,HEURISTIC_PROXY,0.0,1.0,5.0
AGMANY08GO080,active,HEURISTIC_PROXY,0.0,11.0,9.0
AGMANY08GO160,active,HEURISTIC_PROXY,0.0,8.0,8.0
AGMANY11BL080,active,HEURISTIC_PROXY,0.0,9.0,9.0
AGMANY11BL160,active,HEURISTIC_PROXY,0.0,6.0,7.0
AGMANY12WH080,active,HEURISTIC_PROXY,0.0,10.0,9.0
AGMANY12WH160,active,HEURISTIC_PROXY,0.0,7.0,7.0
AGMANY16PEARL080,active,HEURISTIC_PROXY,0.0,8.0,10.0
AGMANY16PEARL160,active,HEURISTIC_PROXY,0.0,8.0,8.0
AGMANY17MA080,active,HEURISTIC_PROXY,0.0,7.0,11.0
AGMANY17MA160,active,HEURISTIC_PROXY,0.0,6.0,8.0
AGMANYSHRINK03PEARL080,active,HEURISTIC_PROXY,0.0,8.0,9.0
AGMANYSHRINK03PEARL160,active,HEURISTIC_PROXY,0.0,8.0,7.0
AGMANYSHRINK04BE080,active,HEURISTIC_PROXY,0.0,11.0,9.0
AGMANYSHRINK04BE160,active,HEURISTIC_PROXY,0.0,7.0,4.0
AGMANYSHRINK06BE080,active,HEURISTIC_PROXY,0.0,1.0,7.0
AGMANYSHRINK06BE160,active,HEURISTIC_PROXY,0.0,2.0,6.0
AGMANYSHRINK09GR080,active,HEURISTIC_PROXY,0.0,8.0,9.0
AGMANYSHRINK09GR160,active,HEURISTIC_PROXY,0.0,5.0,6.0
AGMANYSHRINK14BE080,active,HEURISTIC_PROXY,0.0,10.0,10.0
AGMANYSHRINK14BE160,active,HEURISTIC_PROXY,0.0,8.0,8.0
AGMANYSHRINK15BE080,active,HEURISTIC_PROXY,0.0,10.0,11.0
AGMANYSHRINK15BE160,active,HEURISTIC_PROXY,0.0,5.0,8.0
AGNINSE05MA080,active,HEURISTIC_PROXY,0.0,10.0,10.0
AGNINSE05MA160,active,HEURISTIC_PROXY,0.0,8.0,8.0
AGPINITYGR200,phase_out,HEURISTIC_PROXY,2.0,0.0,0.0
AGROHOLGR160,phase_out,HEURISTIC_PROXY,2.0,1.0,0.0
AGSALLYLGR160,phase_out,HEURISTIC_PROXY,3.0,1.0,0.0
AGTRAUFE08BE080,active,HEURISTIC_PROXY,0.0,6.0,6.0
AGTRAUFE08BE160,active,HEURISTIC_PROXY,0.0,3.0,4.0
AGTRAUFE10WH080,active,HEURISTIC_PROXY,0.0,3.0,6.0
AGTRAUFE10WH160,active,HEURISTIC_PROXY,0.0,5.0,5.0
AGTRAUFE12WH080,active,HEURISTIC_PROXY,0.0,7.0,7.0
AGTRAUFE12WH160,active,HEURISTIC_PROXY,0.0,5.0,5.0
AGTRAUFE20DKRED100,active,HEURISTIC_PROXY,0.0,6.0,6.0
AGTRAUFE20DKRED170,active,HEURISTIC_PROXY,0.0,3.0,3.0
AGTRAUFE33BE080,active,HEURISTIC_PROXY,0.0,7.0,7.0
AGTRAUFE33BE160,active,HEURISTIC_PROXY,0.0,5.0,5.0
AGURMIAGRA200,phase_out,HEURISTIC_PROXY,1.0,0.0,0.0
AIME38012160,phase_out,HEURISTIC_PROXY,2.0,0.0,0.0
AIME38012200,phase_out,HEURISTIC_PROXY,2.0,1.0,0.0
AKMEMLUK080,phase_out,HEURISTIC_PROXY,12.0,1.0,1.0
AKMEMLUK130,phase_out,HEURISTIC_PROXY,2.0,0.0,0.0
AKMEMLUK160,phase_out,HEURISTIC_PROXY,5.0,1.0,0.0
AKMEMLUK200,phase_out,HEURISTIC_PROXY,1.0,0.0,0.0
AKNAGE080,phase_out,HEURISTIC_PROXY,7.0,3.0,2.0
AKNAGE130,phase_out,HEURISTIC_PROXY,1.0,0.0,0.0
AKNAGE160,phase_out,HEURISTIC_PROXY,5.0,1.0,0.0
AKSHEYN080,phase_out,HEURISTIC_PROXY,12.0,4.0,2.0
AKSHEYN130,phase_out,HEURISTIC_PROXY,1.0,0.0,0.0
AKSHEYN200,phase_out,HEURISTIC_PROXY,3.0,1.0,1.0
AKSONYA080,phase_out,HEURISTIC_PROXY,8.0,3.0,0.0
AKSONYA160,phase_out,HEURISTIC_PROXY,7.0,1.0,0.0
AKSONYA200,phase_out,HEURISTIC_PROXY,2.0,0.0,0.0
AKTEMPI080,active,HEURISTIC_PROXY,14.0,9.0,4.0
AKTEMPI130,phase_out,HEURISTIC_PROXY,1.0,0.0,1.0
AKTEMPI160,phase_out,HEURISTIC_PROXY,10.0,3.0,0.0
AKTEMPI200,phase_out,HEURISTIC_PROXY,1.0,0.0,0.0
AKVASHET080,phase_out,HEURISTIC_PROXY,11.0,3.0,0.0
AKVASHET130,phase_out,HEURISTIC_PROXY,2.0,1.0,0.0
AKVASHET160,phase_out,HEURISTIC_PROXY,8.0,2.0,1.0
AMBPEBBLESRED170240,phase_out,HEURISTIC_PROXY,1.0,0.0,0.0
AVASONG200,phase_out,HEURISTIC_PROXY,1.0,0.0,0.0
AVINFINITYGR160,phase_out,HEURISTIC_PROXY,1.0,0.0,0.0
BEL591786737200290,phase_out,HEURISTIC_PROXY,1.0,0.0,0.0
BELUCHIBU065,phase_out,HEURISTIC_PROXY,3.0,1.0,0.0
BELUCHIBU100,phase_out,HEURISTIC_PROXY,1.0,0.0,0.0
BELUCHIBU135,phase_out,HEURISTIC_PROXY,2.0,0.0,0.0
BELUCHIBU200,phase_out,HEURISTIC_PROXY,6.0,2.0,0.0
BELUCHIIV065,phase_out,HEURISTIC_PROXY,3.0,0.0,0.0
BELUCHIIV160,phase_out,HEURISTIC_PROXY,4.0,0.0,0.0
BELUCHIIV200,phase_out,HEURISTIC_PROXY,1.0,0.0,0.0
BLARIZONA160,phase_out,HEURISTIC_PROXY,1.0,0.0,0.0
BLBAYERNJA080,phase_out,HEURISTIC_PROXY,1.0,0.0,0.0
BLBLISSBE080,phase_out,HEURISTIC_PROXY,4.0,0.0,0.0
BLBLISSBE140,phase_out,HEURISTIC_PROXY,1.0,0.0,0.0
BLBLISSBE160,phase_out,HEURISTIC_PROXY,2.0,1.0,0.0
BLBLISSGR080,phase_out,HEURISTIC_PROXY,2.0,0.0,0.0
BLDARKMP034,phase_out,HEURISTIC_PROXY,14.0,0.0,0.0
BLDINKYTA200,phase_out,HEURISTIC_PROXY,1.0,0.0,0.0
BLFIRSTFORWARD061MP,active,HEURISTIC_PROXY,0.0,65.0,65.0
BLFOGMP096,phase_out,HEURISTIC_PROXY,33.2,0.0,0.0
BLLUXURYBR160,phase_out,HEURISTIC_PROXY,2.0,1.0,0.0
BLVOGLIAYE160,phase_out,HEURISTIC_PROXY,1.0,0.0,0.0
CCSTAINREMOVER,active,HEURISTIC_PROXY,62.0,55.0,4.0
CHCAPITOLABL080,phase_out,HEURISTIC_PROXY,1.0,0.0,0.0
CHCAPITOLABL160,phase_out,HEURISTIC_PROXY,1.0,0.0,0.0
CHCAPITOLABL200,phase_out,HEURISTIC_PROXY,1.0,0.0,0.0
CHCAPITOLAIV080,active,HEURISTIC_PROXY,1.0,3.0,12.0
CHCAPITOLAIV080T,active,HEURISTIC_PROXY,0.0,3.0,4.0
CHCAPITOLAIV120R,active,HEURISTIC_PROXY,0.0,2.0,4.0
CHCAPITOLAIV160,active,HEURISTIC_PROXY,2.0,5.0,7.0
CHCAPITOLAIV160R,active,HEURISTIC_PROXY,0.0,2.0,3.0
CHCAPITOLANAT080,active,HEURISTIC_PROXY,1.0,3.0,11.0
CHCAPITOLANAT080T,active,HEURISTIC_PROXY,0.0,1.0,4.0
CHCAPITOLANAT120R,active,HEURISTIC_PROXY,0.0,2.0,4.0
CHCAPITOLANAT130,active,HEURISTIC_PROXY,2.0,1.0,3.0
CHCAPITOLANAT160,active,HEURISTIC_PROXY,3.0,6.0,7.0
CHCAPITOLANAT160R,active,HEURISTIC_PROXY,0.0,1.0,3.0
CHCAPITOLATA130,phase_out,HEURISTIC_PROXY,2.0,0.0,0.0
CHCHASE080,phase_out,HEURISTIC_PROXY,2.0,0.0,0.0
CHCHASE130,phase_out,HEURISTIC_PROXY,3.0,1.0,0.0
CHCHASE160,phase_out,HEURISTIC_PROXY,8.0,2.0,0.0
CHCHATOUBL080,active,HEURISTIC_PROXY,5.0,8.0,5.0
CHCHATOUBL160,phase_out,HEURISTIC_PROXY,6.0,2.0,1.0
CHCHATOUGR080,active,HEURISTIC_PROXY,5.0,2.0,4.0
CHCHATOUGR130,phase_out,HEURISTIC_PROXY,1.0,0.0,0.0
CHCHATOUGR160,active,HEURISTIC_PROXY,5.0,1.0,5.0
CHCHATOUIV080,active,HEURISTIC_PROXY,13.0,0.0,4.0
CHCHATOUIV130,phase_out,HEURISTIC_PROXY,2.0,0.0,1.0
CHCHATOUIV160,phase_out,HEURISTIC_PROXY,6.0,0.0,0.0
CHCHATOUIV200,phase_out,HEURISTIC_PROXY,2.0,0.0,0.0
CHDAMASK090,phase_out,HEURISTIC_PROXY,2.0,0.0,0.0
CHDREUX080,phase_out,HEURISTIC_PROXY,6.0,1.0,0.0
CHDREUX130,phase_out,HEURISTIC_PROXY,3.0,1.0,1.0
CHDREUX160,phase_out,HEURISTIC_PROXY,9.0,2.0,0.0
CHDREUX200,phase_out,HEURISTIC_PROXY,2.0,1.0,0.0
CHDROPSBR160,phase_out,HEURISTIC_PROXY,1.0,0.0,0.0
CHETTAGO080,phase_out,HEURISTIC_PROXY,5.0,1.0,0.0
CHETTAGO160,phase_out,HEURISTIC_PROXY,3.0,1.0,0.0
CHETTAGR080,phase_out,HEURISTIC_PROXY,4.0,1.0,0.0
CHETTAGR130,phase_out,HEURISTIC_PROXY,2.0,1.0,0.0
CHETTAIV080,phase_out,HEURISTIC_PROXY,2.0,1.0,0.0
CHETTATA080,phase_out,HEURISTIC_PROXY,1.0,0.0,0.0
CHETTATA160,phase_out,HEURISTIC_PROXY,1.0,0.0,0.0
CHLONDONTE130,phase_out,HEURISTIC_PROXY,1.0,0.0,0.0
CHLONDONTE160,phase_out,HEURISTIC_PROXY,1.0,0.0,0.0
CHPEPMU160,phase_out,HEURISTIC_PROXY,1.0,0.0,0.0
CHPRISM130,phase_out,HEURISTIC_PROXY,1.0,0.0,0.0
CHRIBSGO160,phase_out,HEURISTIC_PROXY,1.0,0.0,0.0
CHRIBSLI090,phase_out,HEURISTIC_PROXY,2.0,1.0,0.0
CHRIBSLI160,phase_out,HEURISTIC_PROXY,2.0,1.0,0.0
CWBELLAGIO8854A200,phase_out,HEURISTIC_PROXY,2.0,1.0,0.0
CWBLOOM466117AK99080,phase_out,HEURISTIC_PROXY,1.0,0.0,0.0
CWCRYSTAL8084E80,phase_out,HEURISTIC_PROXY,1.0,0.0,0.0
CWFIRENZEB2007ABE60,active,HEURISTIC_PROXY,0.0,3.0,3.0
CWFIRENZENEW08154ABE80,phase_out,HEURISTIC_PROXY,1.0,0.0,0.0
CWFIRENZENEWBO871CR160,phase_out,HEURISTIC_PROXY,1.0,0.0,0.0
CWINVISTAAB18AINK35160,phase_out,HEURISTIC_PROXY,2.0,1.0,0.0
CWINVISTAV788ING1280,active,HEURISTIC_PROXY,0.0,8.0,5.0
CWKASHQAI4327101135,phase_out,HEURISTIC_PROXY,2.0,1.0,0.0
CWKASHQAI432710180,phase_out,HEURISTIC_PROXY,1.0,0.0,0.0
CWLAGE128IV120170,phase_out,HEURISTIC_PROXY,1.0,0.0,0.0
CWLAGE89SI120,phase_out,HEURISTIC_PROXY,1.0,0.0,0.0
CWLAGE89SI160,phase_out,HEURISTIC_PROXY,1.0,0.0,0.0
CWLAGE89SI60,phase_out,HEURISTIC_PROXY,1.0,0.0,0.0
CWLEGEA03HEATH300,phase_out,HEURISTIC_PROXY,1.0,0.0,0.0
CWLEGEA11BE160,phase_out,HEURISTIC_PROXY,1.0,0.0,0.0
CWLEGEA31GRAPH200,phase_out,HEURISTIC_PROXY,1.0,0.0,0.0
CWLEGEA37OLV140,phase_out,HEURISTIC_PROXY,1.0,0.0,0.0
CWLEGIA103BEIGE133,phase_out,HEURISTIC_PROXY,1.0,0.0,0.0
CWLEGIA105DARKBEIGE100,phase_out,HEURISTIC_PROXY,1.0,0.0,1.0
CWLEGIA127MARINE200,phase_out,HEURISTIC_PROXY,1.0,0.0,0.0
CWMATT56001170240,active,HEURISTIC_PROXY,0.0,0.0,3.0
CWOREGONZ431AORG37120,phase_out,HEURISTIC_PROXY,2.0,0.0,0.0
CWOREGONZ431AORG37200,phase_out,HEURISTIC_PROXY,1.0,0.0,0.0
CWPARAGREY80,phase_out,HEURISTIC_PROXY,4.0,2.0,0.0
CWPIAZZO12263910120,phase_out,HEURISTIC_PROXY,1.0,0.0,0.0
CWSOHOWHITE120,active,HEURISTIC_PROXY,0.0,3.0,3.0
CWSOHOWHITE80,phase_out,HEURISTIC_PROXY,2.0,1.0,1.0
CWVERS19CR80300,phase_out,HEURISTIC_PROXY,1.0,0.0,0.0
CWVERS29CR155,phase_out,HEURISTIC_PROXY,1.0,0.0,0.0
CWVERS30WH80,active,HEURISTIC_PROXY,0.0,2.0,3.0
CWVERS32SI120R,phase_out,HEURISTIC_PROXY,2.0,0.0,0.0
CWVERS32SI80200,active,HEURISTIC_PROXY,0.0,3.0,3.0
CWVERS35BE160R,phase_out,HEURISTIC_PROXY,2.0,0.0,0.0
DEALETTAMU090,active,HEURISTIC_PROXY,0.0,5.0,3.0
DEALIDAGO090,active,HEURISTIC_PROXY,0.0,5.0,3.0
DEANJAMU090,active,HEURISTIC_PROXY,0.0,6.0,4.0
DEARMANDBL160,phase_out,HEURISTIC_PROXY,1.0,0.0,0.0
DEARMANDGR160,phase_out,HEURISTIC_PROXY,1.0,0.0,0.0
DEARMANDGR200,phase_out,HEURISTIC_PROXY,1.0,0.0,0.0
DEAZALEA090,phase_out,HEURISTIC_PROXY,2.0,0.0,0.0
DEAZALEA160,phase_out,HEURISTIC_PROXY,1.0,0.0,0.0
DECAMELLIAGO090,phase_out,HEURISTIC_PROXY,1.0,0.0,0.0
DECAMELLIAGO200,phase_out,HEURISTIC_PROXY,1.0,0.0,0.0
DECAMELLIAGR090,phase_out,HEURISTIC_PROXY,1.0,0.0,0.0
DECAMELLIAGR200,phase_out,HEURISTIC_PROXY,1.0,0.0,0.0
DEINES090,active,HEURISTIC_PROXY,4.0,5.0,3.0
DEINES160,active,HEURISTIC_PROXY,3.0,7.0,6.0
DEINESBL090,active,HEURISTIC_PROXY,0.0,9.0,4.0
DEINESGR090,active,HEURISTIC_PROXY,0.0,7.0,6.0
DEINESGR160,active,HEURISTIC_PROXY,0.0,4.0,4.0
DELOUISE060,active,HEURISTIC_PROXY,6.0,8.0,6.0
DELOUISE120,phase_out,HEURISTIC_PROXY,2.0,1.0,1.0
DELOUISE160,active,HEURISTIC_PROXY,2.0,5.0,4.0
DELYA060,active,HEURISTIC_PROXY,6.0,5.0,3.0
DELYA090,active,HEURISTIC_PROXY,6.0,11.0,4.0
DELYA120,phase_out,HEURISTIC_PROXY,2.0,1.0,0.0
DEMATHIOLA090,phase_out,HEURISTIC_PROXY,1.0,0.0,0.0
DEMATHIOLA200,phase_out,HEURISTIC_PROXY,2.0,1.0,0.0
DEMATHIOLAGR060,phase_out,HEURISTIC_PROXY,1.0,0.0,0.0
DENEMESIA080T,phase_out,HEURISTIC_PROXY,1.0,0.0,0.0
DENEMESIA090,phase_out,HEURISTIC_PROXY,3.0,0.0,0.0
DENEMESIA120,phase_out,HEURISTIC_PROXY,1.0,0.0,0.0
DENEMESIA160,phase_out,HEURISTIC_PROXY,1.0,0.0,0.0
DENEMESIA200,phase_out,HEURISTIC_PROXY,1.0,0.0,0.0
DENEPETABL090,phase_out,HEURISTIC_PROXY,1.0,0.0,0.0
DENEPETABL160,phase_out,HEURISTIC_PROXY,2.0,0.0,0.0
DENEPETAGR200,phase_out,HEURISTIC_PROXY,1.0,0.0,0.0
DENIGELLA060,phase_out,HEURISTIC_PROXY,3.0,0.0,0.0
DENIGELLA090,phase_out,HEURISTIC_PROXY,1.0,0.0,0.0
DENIGELLA160,phase_out,HEURISTIC_PROXY,1.0,0.0,0.0
DENOEMIE090,active,HEURISTIC_PROXY,5.0,6.0,4.0
DEREINE060,active,HEURISTIC_PROXY,6.0,3.0,3.0
DEREINE090,active,HEURISTIC_PROXY,7.0,8.0,3.0
DESNAPDRAGON090,phase_out,HEURISTIC_PROXY,1.0,0.0,0.0
DESNAPDRAGON160,phase_out,HEURISTIC_PROXY,1.0,0.0,0.0
DESNAPDRAGON200,phase_out,HEURISTIC_PROXY,1.0,0.0,0.0
DKABI080,phase_out,HEURISTIC_PROXY,11.0,2.0,2.0
DKABI080T,phase_out,HEURISTIC_PROXY,1.0,0.0,0.0
DKABI160,active,HEURISTIC_PROXY,7.0,5.0,5.0
DKARTE140,phase_out,HEURISTIC_PROXY,1.0,0.0,0.0
DKDOTSGR080,phase_out,HEURISTIC_PROXY,9.0,2.0,1.0
DKDOTSGR160,phase_out,HEURISTIC_PROXY,4.0,1.0,0.0
DKDOTSTQ080,phase_out,HEURISTIC_PROXY,5.0,0.0,0.0
DKELAZIZ130,phase_out,HEURISTIC_PROXY,1.0,0.0,0.0
DKFORTCR080,active,HEURISTIC_PROXY,12.0,6.0,3.0
DKFORTCR080T,phase_out,HEURISTIC_PROXY,1.0,0.0,0.0
DKFORTCR160,phase_out,HEURISTIC_PROXY,6.0,1.0,0.0
DKFORTGR080,active,HEURISTIC_PROXY,9.0,8.0,4.0
DKFORTGR120,phase_out,HEURISTIC_PROXY,2.0,1.0,0.0
DKFORTIV080,phase_out,HEURISTIC_PROXY,8.0,2.0,1.0
DKFORTIV160,phase_out,HEURISTIC_PROXY,6.0,2.0,1.0
DKGOLDISH080,phase_out,HEURISTIC_PROXY,4.0,2.0,2.0
DKKITTY080,phase_out,HEURISTIC_PROXY,1.0,0.0,0.0
DKMARKY120,phase_out,HEURISTIC_PROXY,2.0,1.0,1.0
DKMARKY200,phase_out,HEURISTIC_PROXY,1.0,0.0,0.0
DKMATINA080,phase_out,HEURISTIC_PROXY,15.0,0.0,0.0
DKMATINA080T,phase_out,HEURISTIC_PROXY,4.0,1.0,0.0
DKMATINA130,phase_out,HEURISTIC_PROXY,5.0,0.0,0.0
DKMATINA160,phase_out,HEURISTIC_PROXY,8.0,1.0,0.0
DKMATINA200,phase_out,HEURISTIC_PROXY,3.0,1.0,0.0
DKMICROBE050,phase_out,HEURISTIC_PROXY,1.0,0.0,0.0
DKMICROBE080,phase_out,HEURISTIC_PROXY,2.0,1.0,0.0
DKMICROBE160,phase_out,HEURISTIC_PROXY,4.0,1.0,0.0
DKMICROBL160,phase_out,HEURISTIC_PROXY,1.0,0.0,0.0
DKMICRODKBE133,phase_out,HEURISTIC_PROXY,2.0,1.0,0.0
DKMICRODKBE160,phase_out,HEURISTIC_PROXY,2.0,0.0,0.0
DKMICRODKGR160,phase_out,HEURISTIC_PROXY,3.0,0.0,0.0
DKMICRODKGR200,phase_out,HEURISTIC_PROXY,1.0,0.0,0.0
DKMICROLGR133,phase_out,HEURISTIC_PROXY,2.0,1.0,0.0
DKMICRONA160,phase_out,HEURISTIC_PROXY,1.0,0.0,0.0
DKMICRONA200,phase_out,HEURISTIC_PROXY,1.0,0.0,0.0
DKMICROVI160,phase_out,HEURISTIC_PROXY,2.0,0.0,0.0
DKMICROWH,phase_out,HEURISTIC_PROXY,1.0,0.0,0.0
DKNIEVY11GR080,active,HEURISTIC_PROXY,0.0,11.0,11.0
DKNIEVY11GR160,active,HEURISTIC_PROXY,0.0,4.0,5.0
DKNIEVY1GO080,active,HEURISTIC_PROXY,0.0,9.0,10.0
DKNIEVY1GO160,active,HEURISTIC_PROXY,0.0,6.0,6.0
DKNIEVY32BL080,active,HEURISTIC_PROXY,0.0,10.0,10.0
DKNIEVY32BL160,active,HEURISTIC_PROXY,0.0,7.0,7.0
DKNIEVY44DKBE080,active,HEURISTIC_PROXY,0.0,7.0,11.0
DKNIEVY44DKBE160,active,HEURISTIC_PROXY,0.0,5.0,5.0
DKNIEVY8DKBE080,active,HEURISTIC_PROXY,0.0,8.0,10.0
DKNIEVY8DKBE160,active,HEURISTIC_PROXY,0.0,7.0,7.0
DKOMAHA160240,phase_out,HEURISTIC_PROXY,2.0,1.0,0.0
DKRABBIT080,active,HEURISTIC_PROXY,5.0,3.0,3.0
DKRABBIT160,phase_out,HEURISTIC_PROXY,2.0,1.0,1.0
DKRALEIGH080,phase_out,HEURISTIC_PROXY,1.0,0.0,0.0
DKSLEEPY080,phase_out,HEURISTIC_PROXY,6.0,3.0,0.0
DKSTARS080,phase_out,HEURISTIC_PROXY,3.0,0.0,2.0
DKTEKA080T,phase_out,HEURISTIC_PROXY,1.0,0.0,1.0
DKTEKA160,phase_out,HEURISTIC_PROXY,5.0,0.0,0.0
DKTEKA200,phase_out,HEURISTIC_PROXY,1.0,0.0,1.0
DKVENORA080,phase_out,HEURISTIC_PROXY,5.0,0.0,0.0
DUBRUNOBE080,active,HEURISTIC_PROXY,0.0,10.0,10.0
DUBRUNOBE160,active,HEURISTIC_PROXY,0.0,5.0,7.0
DULOLACR080,active,HEURISTIC_PROXY,0.0,5.0,10.0
DULOLACR160,active,HEURISTIC_PROXY,0.0,8.0,7.0
DUMIABE080,active,HEURISTIC_PROXY,0.0,6.0,9.0
DUMIABE160,active,HEURISTIC_PROXY,0.0,6.0,7.0
DUMIABE200,active,HEURISTIC_PROXY,0.0,3.0,3.0
DUTIMONBR080,active,HEURISTIC_PROXY,0.0,9.0,10.0
DUTIMONBR160,active,HEURISTIC_PROXY,0.0,5.0,6.0
DUTRISHBE080,active,HEURISTIC_PROXY,0.0,11.0,12.0
DUTRISHBE160,active,HEURISTIC_PROXY,0.0,5.0,7.0
DYN54374120180,phase_out,HEURISTIC_PROXY,1.0,0.0,0.0
ESC85101140200,phase_out,HEURISTIC_PROXY,1.0,0.0,0.0
EUARANCE040,active,HEURISTIC_PROXY,0.0,19.0,5.0
EUAUTUMNSHOES040,active,HEURISTIC_PROXY,0.0,10.0,10.0
EUCANEIMPRO040,active,HEURISTIC_PROXY,0.0,8.0,18.0
EUCANETULIPANI040,active,HEURISTIC_PROXY,0.0,16.0,10.0
EUCANIMYHOME040,active,HEURISTIC_PROXY,0.0,5.0,9.0
EUCARTOLINA040,active,HEURISTIC_PROXY,0.0,24.0,19.0
EUCASABIO,phase_out,HEURISTIC_PROXY,1.0,0.0,0.0
EUCASETTACUORE040,active,HEURISTIC_PROXY,0.0,14.0,18.0
EUCASETTAHOME040,active,HEURISTIC_PROXY,0.0,4.0,8.0
EUCHIAVEWEL040,active,HEURISTIC_PROXY,0.0,12.0,6.0
EUFRIENDSFOREVER040,active,HEURISTIC_PROXY,0.0,10.0,8.0
EUGATTIMYHOME040,active,HEURISTIC_PROXY,0.0,8.0,10.0
EUGATTOCERCHI040,active,HEURISTIC_PROXY,0.0,9.0,9.0
EUGATTOFARF040,active,HEURISTIC_PROXY,0.0,7.0,8.0
EUGATTOFIOCCO040,active,HEURISTIC_PROXY,0.0,8.0,6.0
EUGATTOGRAFFIO040,active,HEURISTIC_PROXY,0.0,4.0,7.0
EUGATTOZAMP040,active,HEURISTIC_PROXY,0.0,7.0,16.0
EUGOODBYE040,active,HEURISTIC_PROXY,0.0,22.0,20.0
EUGREENWEL040,active,HEURISTIC_PROXY,0.0,11.0,9.0
EUHAIPORTATOBIRRA,phase_out,HEURISTIC_PROXY,6.0,0.0,0.0
EUINNAFFIATOIO040,active,HEURISTIC_PROXY,0.0,20.0,6.0
EUKEEPCALM040,active,HEURISTIC_PROXY,0.0,18.0,9.0
EULAVANDA040,active,HEURISTIC_PROXY,0.0,10.0,5.0
EULIMONI040,active,HEURISTIC_PROXY,0.0,17.0,20.0
EULOVEHELLO040,active,HEURISTIC_PROXY,0.0,10.0,6.0
EULOVEHOME040,active,HEURISTIC_PROXY,0.0,17.0,10.0
EUMAGICCANI039,active,HEURISTIC_PROXY,0.0,13.0,11.0
EUMAGICCASE039,active,HEURISTIC_PROXY,0.0,12.0,13.0
EUMAGICFIORI039,active,HEURISTIC_PROXY,0.0,9.0,12.0
EUMAGICGATTI039,active,HEURISTIC_PROXY,0.0,10.0,12.0
EUMOSAICO040,active,HEURISTIC_PROXY,0.0,14.0,8.0
EUOLDAMERICA040,active,HEURISTIC_PROXY,0.0,14.0,19.0
EUOLIVE040,active,HEURISTIC_PROXY,0.0,20.0,20.0
EUPEANUTSHOME040,active,HEURISTIC_PROXY,0.0,8.0,7.0
EUPETITCHAT040,active,HEURISTIC_PROXY,0.0,12.0,6.0
EUPUPPYCAT040,active,HEURISTIC_PROXY,0.0,16.0,8.0
EUREGOLEDELLACASA040,active,HEURISTIC_PROXY,0.0,15.0,7.0
EUSCACCHIERA040,active,HEURISTIC_PROXY,0.0,7.0,18.0
EUSCARPETTE040,active,HEURISTIC_PROXY,0.0,11.0,19.0
EUSTAYWITHUS040,active,HEURISTIC_PROXY,0.0,15.0,20.0
EUSTIVALI040,active,HEURISTIC_PROXY,0.0,17.0,5.0
EUSUMMERSHOES040,active,HEURISTIC_PROXY,0.0,17.0,5.0
EUSWEETDAISY040,active,HEURISTIC_PROXY,0.0,14.0,20.0
EUTRISDICUORI040,active,HEURISTIC_PROXY,0.0,12.0,20.0
EUTULIP,phase_out,HEURISTIC_PROXY,1.0,0.0,0.0
EUTYPEWRITER040,active,HEURISTIC_PROXY,0.0,10.0,10.0
EUWELBICICLETTA040,active,HEURISTIC_PROXY,0.0,23.0,19.0
EUWELHOME040,active,HEURISTIC_PROXY,0.0,8.0,5.0
EUWOOD040,active,HEURISTIC_PROXY,0.0,18.0,18.0
FIANTI080,active,HEURISTIC_PROXY,92.0,117.0,38.0
FIANTI160,active,HEURISTIC_PROXY,56.0,48.0,15.0
FLLOFT160,phase_out,HEURISTIC_PROXY,1.0,0.0,0.0
FLLOFT200,phase_out,HEURISTIC_PROXY,2.0,1.0,0.0
FLLOFTBE130,phase_out,HEURISTIC_PROXY,2.0,1.0,0.0
GIADAMANTH080,active,HEURISTIC_PROXY,0.0,12.0,11.0
GIADAMANTH160,active,HEURISTIC_PROXY,0.0,10.0,7.0
GIADAMBE080,active,HEURISTIC_PROXY,0.0,16.0,12.0
GIADAMBE160,active,HEURISTIC_PROXY,0.0,8.0,9.0
GIADELAIDE160,phase_out,HEURISTIC_PROXY,1.0,0.0,0.0
GIAGESCR080,active,HEURISTIC_PROXY,5.0,2.0,5.0
GIAGESCR120R,phase_out,HEURISTIC_PROXY,2.0,1.0,1.0
GIAGESCR140,phase_out,HEURISTIC_PROXY,2.0,1.0,1.0
GIAGESCR160,phase_out,HEURISTIC_PROXY,5.0,1.0,2.0
GIAGESCR160R,phase_out,HEURISTIC_PROXY,2.0,0.0,0.0
GIAMISANTH080,active,HEURISTIC_PROXY,0.0,12.0,12.0
GIAMISANTH160,active,HEURISTIC_PROXY,0.0,9.0,9.0
GIAPEIRONCR060,phase_out,HEURISTIC_PROXY,3.0,0.0,1.0
GIAPEIRONCR080,phase_out,HEURISTIC_PROXY,9.0,0.0,1.0
GIAPEIRONCR100,phase_out,HEURISTIC_PROXY,2.0,0.0,1.0
GIAPEIRONCR120R,phase_out,HEURISTIC_PROXY,1.0,0.0,2.0
GIAPEIRONCR140,phase_out,HEURISTIC_PROXY,1.0,0.0,2.0
GIAPEIRONCR160,phase_out,HEURISTIC_PROXY,7.0,0.0,0.0
GIAPEIRONCR160R,phase_out,HEURISTIC_PROXY,1.0,0.0,2.0
GIAPEIRONLGR060,active,HEURISTIC_PROXY,5.0,3.0,7.0
GIAPEIRONLGR080,active,HEURISTIC_PROXY,6.0,0.0,3.0
GIAPEIRONLGR100,phase_out,HEURISTIC_PROXY,2.0,0.0,0.0
GIAPEIRONLGR120R,phase_out,HEURISTIC_PROXY,1.0,0.0,0.0
GIAPEIRONLGR160,phase_out,HEURISTIC_PROXY,6.0,1.0,2.0
GIAPEIRONLGR160R,phase_out,HEURISTIC_PROXY,2.0,0.0,1.0
GIAPEIRONLGR200,phase_out,HEURISTIC_PROXY,1.0,0.0,0.0
GIARRUBAANTH080,active,HEURISTIC_PROXY,0.0,11.0,12.0
GIARRUBAANTH160,active,HEURISTIC_PROXY,0.0,7.0,9.0
GIBAHIAANTH080,active,HEURISTIC_PROXY,0.0,10.0,11.0
GIBAHIAANTH160,active,HEURISTIC_PROXY,0.0,6.0,7.0
GIBAHIABL080,active,HEURISTIC_PROXY,0.0,10.0,9.0
GIBAHIABL160,active,HEURISTIC_PROXY,0.0,8.0,7.0
GIBAHIAGO080,active,HEURISTIC_PROXY,0.0,11.0,10.0
GIBAHIAGO160,active,HEURISTIC_PROXY,0.0,5.0,6.0
GIBEACONGR080,active,HEURISTIC_PROXY,15.0,17.0,4.0
GIBEACONGR160R,phase_out,HEURISTIC_PROXY,4.0,2.0,0.0
GIBEACONGR240,phase_out,HEURISTIC_PROXY,2.0,0.0,2.0
GIBEACONGRDBL080,active,HEURISTIC_PROXY,15.0,10.0,5.0
GIBEACONGRDBL200R,phase_out,HEURISTIC_PROXY,1.0,0.0,1.0
GIBEACONGRDBL240,phase_out,HEURISTIC_PROXY,1.0,0.0,0.0
GIBEACONLGRDBE080,active,HEURISTIC_PROXY,27.0,24.0,6.0
GIBEACONLGRDBE130,phase_out,HEURISTIC_PROXY,6.0,2.0,2.0
GIBEATRICE160,phase_out,HEURISTIC_PROXY,1.0,0.0,0.0
GIBIAGIORED200,phase_out,HEURISTIC_PROXY,2.0,1.0,0.0
GIBRANCOANTH080,active,HEURISTIC_PROXY,0.0,10.0,11.0
GIBRANCOANTH160,active,HEURISTIC_PROXY,0.0,8.0,6.0
GIBRANCOBE080,active,HEURISTIC_PROXY,0.0,17.0,17.0
GIBRANCOBE160,active,HEURISTIC_PROXY,0.0,9.0,8.0
GIBRANCOBL080,active,HEURISTIC_PROXY,0.0,12.0,12.0
GIBRANCOBL160,active,HEURISTIC_PROXY,0.0,7.0,7.0
GIBRENDAANTH080,active,HEURISTIC_PROXY,0.0,9.0,9.0
GIBRENDAANTH160,active,HEURISTIC_PROXY,0.0,5.0,6.0
GICAMILLACR200,phase_out,HEURISTIC_PROXY,1.0,0.0,0.0
GICATERINABL080,phase_out,HEURISTIC_PROXY,2.0,0.0,0.0
GICATERINACR080,phase_out,HEURISTIC_PROXY,1.0,0.0,0.0
GICONTE06CR200,phase_out,HEURISTIC_PROXY,3.0,1.0,0.0
GICONTE06GREEN080,phase_out,HEURISTIC_PROXY,1.0,0.0,0.0
GICONTE06GREEN200,phase_out,HEURISTIC_PROXY,1.0,0.0,0.0
GICONTE06ROSE200,phase_out,HEURISTIC_PROXY,2.0,0.0,0.0
GICONTE31CR080,phase_out,HEURISTIC_PROXY,1.0,0.0,0.0
GICONTE31RED080,phase_out,HEURISTIC_PROXY,2.0,0.0,0.0
GICONTE31RED130,phase_out,HEURISTIC_PROXY,2.0,1.0,0.0
GICONTE31RED160,phase_out,HEURISTIC_PROXY,3.0,0.0,0.0
GICONTE32MU160,phase_out,HEURISTIC_PROXY,1.0,0.0,0.0
GICONTE32MU200,phase_out,HEURISTIC_PROXY,1.0,0.0,0.0
GICYRILBL080,phase_out,HEURISTIC_PROXY,1.0,0.0,0.0
GICYRILGR080,phase_out,HEURISTIC_PROXY,2.0,1.0,0.0
GICYRILGRI160,phase_out,HEURISTIC_PROXY,1.0,0.0,0.0
GIDUNEBE080,phase_out,HEURISTIC_PROXY,7.0,0.0,0.0
GIDUNEBE130,phase_out,HEURISTIC_PROXY,1.0,0.0,0.0
GIDUNEBE160,phase_out,HEURISTIC_PROXY,5.0,0.0,0.0
GIDUNEBL080,phase_out,HEURISTIC_PROXY,8.0,1.0,0.0
GIDUNEBL130,phase_out,HEURISTIC_PROXY,2.0,0.0,0.0
GIDUNEBL160,phase_out,HEURISTIC_PROXY,3.0,0.0,2.0
GIDUNEGR080,phase_out,HEURISTIC_PROXY,7.0,1.0,0.0
GIDUNEGR130,phase_out,HEURISTIC_PROXY,1.0,0.0,1.0
GIDUNEGR160,phase_out,HEURISTIC_PROXY,4.0,0.0,2.0
GIELEGANTGO080,active,HEURISTIC_PROXY,12.0,8.0,4.0
GIELEGANTGO130,phase_out,HEURISTIC_PROXY,2.0,1.0,0.0
GIELEGANTGO240,phase_out,HEURISTIC_PROXY,1.0,0.0,0.0
GIELEGANTGR080,phase_out,HEURISTIC_PROXY,2.0,0.0,0.0
GIELEGANTGR160,phase_out,HEURISTIC_PROXY,2.0,1.0,0.0
GIFERT080,active,HEURISTIC_PROXY,5.0,1.0,3.0
GIFERT160,phase_out,HEURISTIC_PROXY,4.0,0.0,1.0
GIFERT200,phase_out,HEURISTIC_PROXY,1.0,0.0,1.0
GIFLYGR080T,phase_out,HEURISTIC_PROXY,1.0,0.0,0.0
GIFREDO080T,phase_out,HEURISTIC_PROXY,1.0,0.0,0.0
GIFREDO130,phase_out,HEURISTIC_PROXY,3.0,1.0,0.0
GIFREDO160,phase_out,HEURISTIC_PROXY,6.0,2.0,0.0
GIFREDO200,phase_out,HEURISTIC_PROXY,2.0,0.0,1.0
GIFREDOANTH240,phase_out,HEURISTIC_PROXY,1.0,0.0,0.0
GIFREDOGR080T,phase_out,HEURISTIC_PROXY,2.0,0.0,0.0
GIFREDOGR130,phase_out,HEURISTIC_PROXY,2.0,1.0,0.0
GIFREDOGR160,phase_out,HEURISTIC_PROXY,2.0,1.0,0.0
GIGLORIA5985BL160,phase_out,HEURISTIC_PROXY,1.0,0.0,0.0
GIGLORIA8085ANTH160,phase_out,HEURISTIC_PROXY,1.0,0.0,0.0
GIGLORIA8485ANTH160,phase_out,HEURISTIC_PROXY,2.0,1.0,0.0
GIGLORIA8485BL160,phase_out,HEURISTIC_PROXY,1.0,0.0,0.0
GIGLORIA8485CR160,phase_out,HEURISTIC_PROXY,1.0,0.0,0.0
GIGLORIA8485CRBE160,phase_out,HEURISTIC_PROXY,1.0,0.0,0.0
GIGLORIA8485CRGR160,phase_out,HEURISTIC_PROXY,1.0,0.0,0.0
GIGLORIA8487ANTH160,phase_out,HEURISTIC_PROXY,2.0,0.0,0.0
GIGLORIA8487CRBE160,phase_out,HEURISTIC_PROXY,1.0,0.0,0.0
GIGLORIA8487CRBL160,phase_out,HEURISTIC_PROXY,3.0,0.0,0.0
GIGLORIA8487CRTE160,phase_out,HEURISTIC_PROXY,2.0,1.0,1.0
GIGLORIA8488BL160,phase_out,HEURISTIC_PROXY,1.0,0.0,0.0
GIGLORIA8888ABLCR160,phase_out,HEURISTIC_PROXY,1.0,0.0,0.0
GIGLORIA8888ADKBEWH160,phase_out,HEURISTIC_PROXY,1.0,0.0,1.0
GIGLORIA8888ADKBLCR160,phase_out,HEURISTIC_PROXY,1.0,0.0,0.0
GIGLORIA8888AEMCR160,phase_out,HEURISTIC_PROXY,1.0,0.0,0.0
GIGLORIA8888AGRCR160,phase_out,HEURISTIC_PROXY,1.0,0.0,0.0
GIGLORIA8888ALBECR160,phase_out,HEURISTIC_PROXY,1.0,0.0,0.0
GIGLORIA8888ALBEWH160,phase_out,HEURISTIC_PROXY,2.0,0.0,0.0
GIGLORIA8889ACREM160,phase_out,HEURISTIC_PROXY,2.0,0.0,1.0
GIGLORIA8889ACRLTE160,phase_out,HEURISTIC_PROXY,1.0,0.0,0.0
GIGLORIA8889ACRTE160,phase_out,HEURISTIC_PROXY,2.0,1.0,0.0
GIGLORIA8889AGRCR160,phase_out,HEURISTIC_PROXY,2.0,0.0,0.0
GIGLORIA8889AWHBE160,phase_out,HEURISTIC_PROXY,1.0,0.0,1.0
GIGLORIA8889BCRBE160,phase_out,HEURISTIC_PROXY,1.0,0.0,0.0
GIGLORIA8889BCRBL160,phase_out,HEURISTIC_PROXY,1.0,0.0,0.0
GIGLORIA8889BCREM160,phase_out,HEURISTIC_PROXY,1.0,0.0,0.0
GIGLORIA8889BCRTE160,phase_out,HEURISTIC_PROXY,1.0,0.0,0.0
GIGLORIA8889BGRCR160,phase_out,HEURISTIC_PROXY,2.0,0.0,0.0
GIGLORIA8890ACRBL160,phase_out,HEURISTIC_PROXY,2.0,0.0,0.0
GIGLORIA8890ACRGR160,phase_out,HEURISTIC_PROXY,3.0,1.0,0.0
GIGLORIA8890ACRTE160,phase_out,HEURISTIC_PROXY,1.0,0.0,0.0
GIGLORIA8890AWHBE160,phase_out,HEURISTIC_PROXY,2.0,0.0,0.0
GIGLORIA8890BCRBE160,phase_out,HEURISTIC_PROXY,2.0,0.0,0.0
GIGLORIA8890BCRTE160,phase_out,HEURISTIC_PROXY,2.0,0.0,0.0
GIGLORIA8890BWHBE160,phase_out,HEURISTIC_PROXY,1.0,0.0,0.0
GIGORDONCR080,active,HEURISTIC_PROXY,9.0,11.0,3.0
GIHIGHLANDGR080,phase_out,HEURISTIC_PROXY,4.0,0.0,0.0
GIHIGHLANDTE080,phase_out,HEURISTIC_PROXY,1.0,0.0,0.0
GIHIGHLANDTE160,active,HEURISTIC_PROXY,3.0,3.0,4.0
GIKELLY080,phase_out,HEURISTIC_PROXY,10.0,4.0,0.0
GIKELLY080T,phase_out,HEURISTIC_PROXY,1.0,0.0,0.0
GIKELLY160,phase_out,HEURISTIC_PROXY,5.0,2.0,0.0
GIKELLYBR080,phase_out,HEURISTIC_PROXY,3.0,1.0,0.0
GIKELLYBR080T,phase_out,HEURISTIC_PROXY,2.0,0.0,0.0
GIKELLYBR160,phase_out,HEURISTIC_PROXY,2.0,1.0,0.0
GIKENDIBL080,active,HEURISTIC_PROXY,0.0,10.0,11.0
GIKENDIBL160,active,HEURISTIC_PROXY,0.0,9.0,7.0
GIKENDIEM080,active,HEURISTIC_PROXY,0.0,15.0,12.0
GIKENDIEM160,active,HEURISTIC_PROXY,0.0,7.0,9.0
GILAUREEN060,active,HEURISTIC_PROXY,5.0,7.0,8.0
GILAUREEN080,active,HEURISTIC_PROXY,8.0,10.0,8.0
GILAUREEN080T,phase_out,HEURISTIC_PROXY,5.0,0.0,0.0
GILAUREEN200,phase_out,HEURISTIC_PROXY,4.0,1.0,1.0
GILEELOO060,active,HEURISTIC_PROXY,5.0,6.0,8.0
GILEELOO080,active,HEURISTIC_PROXY,10.0,12.0,5.0
GILIDYA060,active,HEURISTIC_PROXY,5.0,7.0,6.0
GILIDYA080,active,HEURISTIC_PROXY,6.0,11.0,4.0
GILIDYA160,active,HEURISTIC_PROXY,7.0,11.0,5.0
GILIDYA200,phase_out,HEURISTIC_PROXY,3.0,1.0,1.0
GIMADDYANTH080,active,HEURISTIC_PROXY,0.0,6.0,7.0
GIMADDYANTH160,active,HEURISTIC_PROXY,0.0,4.0,5.0
GIMADDYANTH200,active,HEURISTIC_PROXY,0.0,4.0,3.0
GIMADDYBE080,active,HEURISTIC_PROXY,0.0,9.0,9.0
GIMADDYBE160,active,HEURISTIC_PROXY,0.0,3.0,3.0
GIMADDYBE200,active,HEURISTIC_PROXY,0.0,6.0,6.0
GIMAIKO060,phase_out,HEURISTIC_PROXY,2.0,0.0,0.0
GIMAIKO080,phase_out,HEURISTIC_PROXY,5.0,2.0,0.0
GIMAIKO133,phase_out,HEURISTIC_PROXY,1.0,0.0,0.0
GIMAIKO160,phase_out,HEURISTIC_PROXY,5.0,0.0,0.0
GIMAIKO200,phase_out,HEURISTIC_PROXY,1.0,0.0,0.0
GIMALENA060,phase_out,HEURISTIC_PROXY,3.0,0.0,0.0
GIMALENA080,phase_out,HEURISTIC_PROXY,4.0,2.0,2.0
GIMALENA133,phase_out,HEURISTIC_PROXY,3.0,0.0,0.0
GIMALENA160,phase_out,HEURISTIC_PROXY,3.0,0.0,0.0
GIMALENA200,phase_out,HEURISTIC_PROXY,1.0,0.0,0.0
GIMELVIN080T,phase_out,HEURISTIC_PROXY,2.0,1.0,0.0
GIMETISGR080,phase_out,HEURISTIC_PROXY,6.0,2.0,2.0
GIMETISTE080T,phase_out,HEURISTIC_PROXY,1.0,0.0,0.0
GIMISKAGR060,active,HEURISTIC_PROXY,3.0,7.0,8.0
GIMISKAGR080,active,HEURISTIC_PROXY,8.0,11.0,6.0
GIMISKAGR080T,phase_out,HEURISTIC_PROXY,2.0,0.0,0.0
GIMISKAGR160,active,HEURISTIC_PROXY,6.0,8.0,5.0
GIMISKAGREEN060,active,HEURISTIC_PROXY,6.0,7.0,8.0
GIMISKAGREEN080,active,HEURISTIC_PROXY,16.0,12.0,5.0
GIMISKAGREEN080T,phase_out,HEURISTIC_PROXY,4.0,1.0,0.0
GIMISKAGREEN160,active,HEURISTIC_PROXY,3.0,10.0,7.0
GIMISKAGREEN200,phase_out,HEURISTIC_PROXY,4.0,1.0,0.0
GIMONTY060,phase_out,HEURISTIC_PROXY,9.0,1.0,0.0
GIMONTY080,phase_out,HEURISTIC_PROXY,11.0,2.0,1.0
GIMONTY080T,phase_out,HEURISTIC_PROXY,1.0,0.0,0.0
GIMONTY160,phase_out,HEURISTIC_PROXY,8.0,2.0,1.0
GIMONTY200,phase_out,HEURISTIC_PROXY,1.0,0.0,2.0
GIMOS160,active,HEURISTIC_PROXY,0.0,4.0,4.0
GINAZENINBL080,phase_out,HEURISTIC_PROXY,1.0,0.0,0.0
GIOLIMPIA2235GREY140,phase_out,HEURISTIC_PROXY,1.0,0.0,0.0
GIOLINDAGR080,active,HEURISTIC_PROXY,0.0,12.0,11.0
GIOLINDAGR130,active,HEURISTIC_PROXY,0.0,3.0,3.0
GIOLINDAGR160,active,HEURISTIC_PROXY,0.0,5.0,5.0
GIOLINDAGR200,active,HEURISTIC_PROXY,0.0,5.0,5.0
GIOMBRACR080,active,HEURISTIC_PROXY,10.0,13.0,3.0
GIOMBRACR080T,phase_out,HEURISTIC_PROXY,5.0,2.0,0.0
GIOMBRACR160,active,HEURISTIC_PROXY,7.0,8.0,5.0
GIOMBRACR160R,phase_out,HEURISTIC_PROXY,2.0,1.0,0.0
GIOMBRADGR080,phase_out,HEURISTIC_PROXY,2.0,1.0,0.0
GIOMBRADGR130,phase_out,HEURISTIC_PROXY,1.0,0.0,0.0
GIOMBRADGR160,phase_out,HEURISTIC_PROXY,2.0,0.0,0.0
GIOMBRALBE080,active,HEURISTIC_PROXY,11.0,10.0,7.0
GIOMBRALBE130,phase_out,HEURISTIC_PROXY,2.0,1.0,1.0
GIOMBRALBE160R,phase_out,HEURISTIC_PROXY,2.0,0.0,1.0
GIOMBRALBL080,phase_out,HEURISTIC_PROXY,3.0,0.0,0.0
GIOMBRALBL080T,phase_out,HEURISTIC_PROXY,2.0,0.0,0.0
GIOMBRALBL130,phase_out,HEURISTIC_PROXY,2.0,1.0,0.0
GIOMBRALBL160,phase_out,HEURISTIC_PROXY,3.0,1.0,0.0
GIOMBRALGR080,active,HEURISTIC_PROXY,5.0,6.0,3.0
GIOPTICGR080,phase_out,HEURISTIC_PROXY,4.0,1.0,0.0
GIPOINTGR060,phase_out,HEURISTIC_PROXY,2.0,1.0,0.0
GIPOINTGR080,phase_out,HEURISTIC_PROXY,1.0,0.0,0.0
GIPOINTGR140,phase_out,HEURISTIC_PROXY,1.0,0.0,0.0
GIPOINTLI060,phase_out,HEURISTIC_PROXY,3.0,0.0,0.0
GIPOINTLI080,phase_out,HEURISTIC_PROXY,1.0,0.0,0.0
GIPOINTMU080,phase_out,HEURISTIC_PROXY,1.0,0.0,0.0
GIPOINTMU140,phase_out,HEURISTIC_PROXY,1.0,0.0,0.0
GIPOINTMU200,phase_out,HEURISTIC_PROXY,1.0,0.0,0.0
GIPUFFY464120,phase_out,HEURISTIC_PROXY,1.0,0.0,0.0
GIPUFFYANTH080R,phase_out,HEURISTIC_PROXY,4.0,2.0,0.0
GIPUFFYANTH120R,phase_out,HEURISTIC_PROXY,1.0,0.0,0.0
GIPUFFYANTH133,phase_out,HEURISTIC_PROXY,2.0,0.0,0.0
GIPUFFYDEGG080R,phase_out,HEURISTIC_PROXY,1.0,0.0,0.0
GIPUFFYDEGG120R,phase_out,HEURISTIC_PROXY,1.0,0.0,0.0
GIPUFFYDEGG160,phase_out,HEURISTIC_PROXY,1.0,0.0,0.0
GIPUFFYDEGG200,active,HEURISTIC_PROXY,0.0,0.0,3.0
GIPUFFYDKPW080R,phase_out,HEURISTIC_PROXY,1.0,0.0,0.0
GIPUFFYDKPW133,phase_out,HEURISTIC_PROXY,2.0,0.0,0.0
GIPUFFYGR080,phase_out,HEURISTIC_PROXY,2.0,0.0,0.0
GIPUFFYGREEN160,phase_out,HEURISTIC_PROXY,4.0,2.0,0.0
GIPUFFYGREEN200,phase_out,HEURISTIC_PROXY,1.0,0.0,0.0
GIPUFFYLI133,phase_out,HEURISTIC_PROXY,1.0,0.0,0.0
GIPUFFYRED080R,phase_out,HEURISTIC_PROXY,1.0,0.0,0.0
GIPUFFYRED120R,phase_out,HEURISTIC_PROXY,1.0,0.0,0.0
GIPUFFYRED133,phase_out,HEURISTIC_PROXY,1.0,0.0,0.0
GIPUFFYRED160,phase_out,HEURISTIC_PROXY,1.0,0.0,0.0
GIPUFFYTE080,phase_out,HEURISTIC_PROXY,3.0,0.0,0.0
GIPUFFYTE080R,phase_out,HEURISTIC_PROXY,4.0,1.0,0.0
GIPUFFYTE120R,phase_out,HEURISTIC_PROXY,2.0,0.0,0.0
GIPUFFYTE160,phase_out,HEURISTIC_PROXY,2.0,0.0,0.0
GIPUFFYTQ080R,phase_out,HEURISTIC_PROXY,6.0,3.0,0.0
GIPUFFYTQ080T,phase_out,HEURISTIC_PROXY,1.0,0.0,0.0
GIPUFFYYE050,phase_out,HEURISTIC_PROXY,6.0,2.0,2.0
GIPUFFYYE080,active,HEURISTIC_PROXY,6.0,2.0,6.0
GIPUFFYYE133,phase_out,HEURISTIC_PROXY,1.0,0.0,0.0
GIPUFFYYE160R,phase_out,HEURISTIC_PROXY,2.0,1.0,0.0
GIRENONCR080,active,HEURISTIC_PROXY,12.0,5.0,4.0
GIRENONCR160,phase_out,HEURISTIC_PROXY,7.0,1.0,2.0
GIRENONCR200,phase_out,HEURISTIC_PROXY,1.0,0.0,0.0
GIRENONGR080,phase_out,HEURISTIC_PROXY,9.0,0.0,1.0
GIRENONGR160,phase_out,HEURISTIC_PROXY,5.0,2.0,2.0
GIRENONGREY080,phase_out,HEURISTIC_PROXY,8.0,3.0,0.0
GIRENONGREY130,phase_out,HEURISTIC_PROXY,1.0,0.0,1.0
GIRENONGREY160,phase_out,HEURISTIC_PROXY,5.0,1.0,2.0
GIROPESBE080,phase_out,HEURISTIC_PROXY,6.0,1.0,1.0
GIROPESBE160,phase_out,HEURISTIC_PROXY,8.0,1.0,1.0
GIROPESBE200,phase_out,HEURISTIC_PROXY,1.0,0.0,1.0
GIROPESBL080,phase_out,HEURISTIC_PROXY,7.0,1.0,0.0
GIROPESBL130,phase_out,HEURISTIC_PROXY,2.0,1.0,1.0
GIROPESBL160,phase_out,HEURISTIC_PROXY,5.0,2.0,1.0
GIROPESGR080,active,HEURISTIC_PROXY,9.0,6.0,4.0
GIROPESGR200,phase_out,HEURISTIC_PROXY,1.0,0.0,1.0
GISAOANTH080,active,HEURISTIC_PROXY,0.0,17.0,12.0
GISAOANTH160,active,HEURISTIC_PROXY,0.0,9.0,9.0
GISAOANTH200,active,HEURISTIC_PROXY,0.0,4.0,4.0
GISAOBL080,active,HEURISTIC_PROXY,0.0,10.0,11.0
GISAOBL160,active,HEURISTIC_PROXY,0.0,8.0,6.0
GISCODE080,phase_out,HEURISTIC_PROXY,3.0,0.0,0.0
GISCODE160,phase_out,HEURISTIC_PROXY,4.0,1.0,0.0
GISENDA080,phase_out,HEURISTIC_PROXY,2.0,0.0,0.0
GISERTIP080,phase_out,HEURISTIC_PROXY,5.0,2.0,1.0
GISERTIP160,phase_out,HEURISTIC_PROXY,3.0,0.0,1.0
GISHADOWBR080,phase_out,HEURISTIC_PROXY,8.0,3.0,0.0
GISHADOWCIEL080T,phase_out,HEURISTIC_PROXY,2.0,1.0,0.0
GISHADOWGO080T,active,HEURISTIC_PROXY,6.0,6.0,3.0
GISHADOWGO160,active,HEURISTIC_PROXY,13.0,18.0,3.0
GISHADOWGR080,active,HEURISTIC_PROXY,15.0,11.0,7.0
GISHADOWGR080T,active,HEURISTIC_PROXY,4.0,5.0,3.0
GISHADOWGR130,active,HEURISTIC_PROXY,6.0,7.0,3.0
GISHADOWGR160,active,HEURISTIC_PROXY,9.0,15.0,4.0
GISHADOWGR160R,active,HEURISTIC_PROXY,4.0,4.0,3.0
GISHADOWGR200,active,HEURISTIC_PROXY,6.0,4.0,3.0
GISHADOWGR240,phase_out,HEURISTIC_PROXY,1.0,0.0,1.0
GISHADOWLGRANTH080,active,HEURISTIC_PROXY,17.0,15.0,6.0
GISHADOWLGRANTH080T,phase_out,HEURISTIC_PROXY,5.0,1.0,1.0
GISHADOWLGRANTH130,active,HEURISTIC_PROXY,6.0,9.0,3.0
GISHADOWLGRANTH200,active,HEURISTIC_PROXY,9.0,17.0,4.0
GISHADOWLGRANTH290,active,HEURISTIC_PROXY,0.0,1.0,4.0
GISHADOWLGRDBE080,active,HEURISTIC_PROXY,20.0,11.0,10.0
GISHADOWLGRDBE080T,active,HEURISTIC_PROXY,0.0,2.0,4.0
GISHADOWLGRDBE130,phase_out,HEURISTIC_PROXY,4.0,2.0,2.0
GISHADOWLGRDBE140145,phase_out,HEURISTIC_PROXY,1.0,0.0,0.0
GISHADOWLGRDBE140200,phase_out,HEURISTIC_PROXY,1.0,0.0,0.0
GISHADOWLGRDBE160,active,HEURISTIC_PROXY,16.0,16.0,5.0
GISHADOWLGRDBE180240,phase_out,HEURISTIC_PROXY,1.0,0.0,0.0
GISHADOWLGRDBE180250,phase_out,HEURISTIC_PROXY,1.0,0.0,0.0
GISHADOWLGRDBE200,active,HEURISTIC_PROXY,11.0,19.0,5.0
GISHADOWLGRDBL080,active,HEURISTIC_PROXY,18.0,14.0,3.0
GISHADOWLGRDBL120R,phase_out,HEURISTIC_PROXY,6.0,3.0,1.0
GISHIBA080,phase_out,HEURISTIC_PROXY,9.0,0.0,0.0
GISHIBA133,phase_out,HEURISTIC_PROXY,3.0,0.0,0.0
GISHIBA160,phase_out,HEURISTIC_PROXY,5.0,0.0,0.0
GISHIBA200,phase_out,HEURISTIC_PROXY,3.0,1.0,0.0
GISINDY02WHANTH060,active,HEURISTIC_PROXY,0.0,9.0,10.0
GISINDY02WHANTH080,active,HEURISTIC_PROXY,0.0,11.0,10.0
GISINDY02WHANTH160,active,HEURISTIC_PROXY,0.0,8.0,7.0
GISINDY05BE060,active,HEURISTIC_PROXY,0.0,7.0,10.0
GISINDY05BE080,active,HEURISTIC_PROXY,0.0,8.0,9.0
GISINDY05BE160,active,HEURISTIC_PROXY,0.0,5.0,6.0
GISINDY09CR060,active,HEURISTIC_PROXY,0.0,7.0,10.0
GISINDY09CR080,active,HEURISTIC_PROXY,0.0,4.0,9.0
GISINDY09CR160,active,HEURISTIC_PROXY,0.0,6.0,7.0
GISINDY10CR060,active,HEURISTIC_PROXY,0.0,5.0,10.0
GISINDY10CR080,active,HEURISTIC_PROXY,0.0,6.0,9.0
GISINDY10CR160,active,HEURISTIC_PROXY,0.0,6.0,7.0
GISOFI080,active,HEURISTIC_PROXY,6.0,0.0,4.0
GISOFI133,phase_out,HEURISTIC_PROXY,1.0,0.0,1.0
GISOFI160,phase_out,HEURISTIC_PROXY,7.0,2.0,2.0
GISOLO080,active,HEURISTIC_PROXY,7.0,2.0,8.0
GISOLO133,active,HEURISTIC_PROXY,2.0,0.0,3.0
GISOLO160,phase_out,HEURISTIC_PROXY,5.0,0.0,2.0
GISOLO200,phase_out,HEURISTIC_PROXY,1.0,0.0,0.0
GISPIRIT080,phase_out,HEURISTIC_PROXY,9.0,0.0,0.0
GISPIRIT133,phase_out,HEURISTIC_PROXY,2.0,0.0,0.0
GISPIRIT160,phase_out,HEURISTIC_PROXY,3.0,0.0,2.0
GISPIRIT200,phase_out,HEURISTIC_PROXY,1.0,0.0,0.0
GISURRYBL080,active,HEURISTIC_PROXY,0.0,10.0,9.0
GISURRYBL200,active,HEURISTIC_PROXY,0.0,6.0,4.0
GISURRYCR080,active,HEURISTIC_PROXY,0.0,10.0,6.0
GISURRYCR200,active,HEURISTIC_PROXY,0.0,5.0,3.0
GITIFFANY4253CRRED130,phase_out,HEURISTIC_PROXY,1.0,0.0,0.0
GIVERTENBE160,active,HEURISTIC_PROXY,3.0,1.0,3.0
GIVERTENBE200,phase_out,HEURISTIC_PROXY,1.0,0.0,0.0
GIVERTENBL080,active,HEURISTIC_PROXY,4.0,2.0,4.0
GIVERTENBL160,phase_out,HEURISTIC_PROXY,3.0,1.0,2.0
GIVERTENBL200,phase_out,HEURISTIC_PROXY,1.0,0.0,1.0
GIVERTENGREY080,active,HEURISTIC_PROXY,5.0,1.0,4.0
GIVERTENGREY130,phase_out,HEURISTIC_PROXY,2.0,0.0,0.0
GIVERTENGREY160,phase_out,HEURISTIC_PROXY,4.0,1.0,1.0
GIVICTORIABL080,phase_out,HEURISTIC_PROXY,2.0,0.0,0.0
GIVICTORIACR200,phase_out,HEURISTIC_PROXY,1.0,0.0,0.0
GIVICTORIARED080,phase_out,HEURISTIC_PROXY,1.0,0.0,0.0
GIVICTORIARED160,phase_out,HEURISTIC_PROXY,2.0,0.0,0.0
GIVOLTOBE080,phase_out,HEURISTIC_PROXY,17.0,5.0,1.0
GIVOLTOBE130,phase_out,HEURISTIC_PROXY,1.0,0.0,0.0
GIVOLTOBE160,active,HEURISTIC_PROXY,7.0,5.0,3.0
GIVOLTOCR080,phase_out,HEURISTIC_PROXY,10.0,1.0,0.0
GIVOLTOCR130,active,HEURISTIC_PROXY,1.0,2.0,3.0
GIVOLTOCR160,phase_out,HEURISTIC_PROXY,6.0,1.0,2.0
GIVOLTOCR200,phase_out,HEURISTIC_PROXY,1.0,0.0,1.0
GIVOLTOGO080,phase_out,HEURISTIC_PROXY,9.0,3.0,1.0
GIVOLTOGO130,phase_out,HEURISTIC_PROXY,1.0,0.0,2.0
GIVOLTOGO160,phase_out,HEURISTIC_PROXY,4.0,0.0,0.0
GIVOLTOGREY080,phase_out,HEURISTIC_PROXY,8.0,3.0,2.0
GIVOLTOGREY130,active,HEURISTIC_PROXY,1.0,3.0,4.0
GIVOLTOGREY160,phase_out,HEURISTIC_PROXY,5.0,2.0,2.0
GIYANAROSE160,phase_out,HEURISTIC_PROXY,1.0,0.0,0.0
GIYUKOBE080,active,HEURISTIC_PROXY,0.0,8.0,9.0
GIYUKOBE160,active,HEURISTIC_PROXY,0.0,7.0,7.0
GIYUKOBE200,active,HEURISTIC_PROXY,0.0,4.0,3.0
GRVLOTUS B200290,phase_out,HEURISTIC_PROXY,1.0,0.0,0.0
GRVMENA080,phase_out,HEURISTIC_PROXY,1.0,0.0,0.0
GRVMENA160,phase_out,HEURISTIC_PROXY,2.0,0.0,0.0
GUACHIMBL080,phase_out,HEURISTIC_PROXY,1.0,0.0,0.0
GUACHIMBL240,phase_out,HEURISTIC_PROXY,1.0,0.0,0.0
GUACHIMMU080,phase_out,HEURISTIC_PROXY,3.0,1.0,0.0
GUADENAANTH160,phase_out,HEURISTIC_PROXY,1.0,0.0,0.0
GUADENABL160,phase_out,HEURISTIC_PROXY,3.0,0.0,0.0
GUADENAGR080,phase_out,HEURISTIC_PROXY,2.0,1.0,0.0
GUADENAGR160,phase_out,HEURISTIC_PROXY,2.0,1.0,0.0
GUADENALI080,phase_out,HEURISTIC_PROXY,2.0,0.0,0.0
GUADENALI120,phase_out,HEURISTIC_PROXY,1.0,0.0,0.0
GUADENALI160,phase_out,HEURISTIC_PROXY,4.0,0.0,0.0
GUADENAPI080,phase_out,HEURISTIC_PROXY,2.0,0.0,0.0
GUADENAPI160,phase_out,HEURISTIC_PROXY,4.0,1.0,0.0
GUAHAAN080,phase_out,HEURISTIC_PROXY,2.0,0.0,0.0
GUAURAGO200,phase_out,HEURISTIC_PROXY,1.0,0.0,0.0
GUAURAGR080,phase_out,HEURISTIC_PROXY,1.0,0.0,0.0
GUDERYA080,phase_out,HEURISTIC_PROXY,1.0,0.0,0.0
GUDOLLIE200,phase_out,HEURISTIC_PROXY,1.0,0.0,0.0
GUENZA130,phase_out,HEURISTIC_PROXY,1.0,0.0,0.0
GUENZA160,phase_out,HEURISTIC_PROXY,1.0,0.0,0.0
GUERMIL080,phase_out,HEURISTIC_PROXY,1.0,0.0,0.0
GUESLIVAGO080,active,HEURISTIC_PROXY,0.0,7.0,7.0
GUESLIVAGO160,active,HEURISTIC_PROXY,0.0,4.0,5.0
GUESLIVAGR080,active,HEURISTIC_PROXY,0.0,7.0,12.0
GUESLIVAGR160,active,HEURISTIC_PROXY,0.0,5.0,5.0
GUESLIVAWH080,active,HEURISTIC_PROXY,0.0,3.0,11.0
GUESLIVAWH160,active,HEURISTIC_PROXY,0.0,4.0,8.0
GUFANTON080,phase_out,HEURISTIC_PROXY,2.0,0.0,0.0
GUILEGYBR080,active,HEURISTIC_PROXY,0.0,11.0,11.0
GUILEGYBR160,active,HEURISTIC_PROXY,0.0,7.0,9.0
GUILEGYGR080,active,HEURISTIC_PROXY,0.0,11.0,11.0
GUILEGYGR160,active,HEURISTIC_PROXY,0.0,5.0,7.0
GULEDAXBL080,active,HEURISTIC_PROXY,0.0,8.0,10.0
GULEDAXBL160,active,HEURISTIC_PROXY,0.0,10.0,9.0
GULEDAXGO080,active,HEURISTIC_PROXY,0.0,11.0,8.0
GULEDAXGO160,active,HEURISTIC_PROXY,0.0,9.0,7.0
GULEDAXGR080,active,HEURISTIC_PROXY,0.0,8.0,10.0
GULEDAXGR160,active,HEURISTIC_PROXY,0.0,7.0,7.0
GUPOESIS080,phase_out,HEURISTIC_PROXY,3.0,1.0,0.0
GUPOESIS130,phase_out,HEURISTIC_PROXY,1.0,0.0,0.0
GUPOLARIS080,phase_out,HEURISTIC_PROXY,2.0,0.0,0.0
GURHEEA200,phase_out,HEURISTIC_PROXY,1.0,0.0,0.0
GURUSTTERBL080,active,HEURISTIC_PROXY,0.0,8.0,9.0
GURUSTTERBL160,active,HEURISTIC_PROXY,0.0,4.0,7.0
GURUSTTERBR080,active,HEURISTIC_PROXY,0.0,8.0,9.0
GURUSTTERBR160,active,HEURISTIC_PROXY,0.0,5.0,8.0
GURUSTTERGR080,active,HEURISTIC_PROXY,0.0,7.0,10.0
GURUSTTERGR160,active,HEURISTIC_PROXY,0.0,2.0,8.0
GUSIRIUS200,phase_out,HEURISTIC_PROXY,1.0,0.0,0.0
GUSOZOBR160,phase_out,HEURISTIC_PROXY,2.0,1.0,0.0
HAAMARONREED045,phase_out,HEURISTIC_PROXY,13.0,1.0,0.0
HAAQUALUXETA050,phase_out,HEURISTIC_PROXY,2.0,0.0,1.0
HABASELBE,active,HEURISTIC_PROXY,39.0,18.0,4.0
HABASELGR,active,HEURISTIC_PROXY,20.0,27.0,22.0
HABASELIV,active,HEURISTIC_PROXY,5.0,15.0,21.0
HABERLINBE,active,HEURISTIC_PROXY,29.0,36.0,26.0
HABOLOGNABE025065,phase_out,HEURISTIC_PROXY,2.0,1.0,0.0
HABRILJANTANTH060,phase_out,HEURISTIC_PROXY,2.0,0.0,0.0
HABRILJANTANTH080,phase_out,HEURISTIC_PROXY,2.0,0.0,0.0
HABRILJANTANTH090,phase_out,HEURISTIC_PROXY,4.0,2.0,0.0
HABRILJANTBR080,phase_out,HEURISTIC_PROXY,3.0,0.0,1.0
HABRILJANTBR090,phase_out,HEURISTIC_PROXY,4.0,1.0,0.0
HACONCRETE45,phase_out,HEURISTIC_PROXY,2.0,0.0,0.0
HAEVERTONBR60,active,HEURISTIC_PROXY,3.0,3.0,13.0
HAEVERTONBR80,active,HEURISTIC_PROXY,0.0,5.0,12.0
HAEVERTONGR60,active,HEURISTIC_PROXY,2.0,3.0,11.0
HAEVERTONGR80,active,HEURISTIC_PROXY,0.0,6.0,12.0
HAEVERTONRED60,active,HEURISTIC_PROXY,18.0,12.0,5.0
HAEVERTONRED80,active,HEURISTIC_PROXY,6.0,9.0,5.0
HAGALEAVES045,phase_out,HEURISTIC_PROXY,9.0,0.0,0.0
HAGAWELSTRAW045,phase_out,HEURISTIC_PROXY,1.0,0.0,0.0
HAHOME45,active,HEURISTIC_PROXY,8.0,0.0,8.0
HAHOMESTONES045,phase_out,HEURISTIC_PROXY,1.0,0.0,0.0
HAIRONMAT040,phase_out,HEURISTIC_PROXY,5.0,0.0,0.0
HAKERALAMETALLIC045,phase_out,HEURISTIC_PROXY,1.0,0.0,0.0
HAMARBLE45,active,HEURISTIC_PROXY,6.0,0.0,5.0
HAOSLO,phase_out,HEURISTIC_PROXY,8.0,3.0,0.0
HAPORTALANTH135,phase_out,HEURISTIC_PROXY,1.0,0.0,0.0
HAPORTALANTH40,active,HEURISTIC_PROXY,13.0,3.0,12.0
HAPORTALANTH60,active,HEURISTIC_PROXY,16.0,13.0,6.0
HAPORTALANTH90,active,HEURISTIC_PROXY,10.0,7.0,7.0
HAPORTALBR135,phase_out,HEURISTIC_PROXY,3.0,1.0,0.0
HAPORTALBR60,phase_out,HEURISTIC_PROXY,4.0,0.0,0.0
HAPORTALBR90,phase_out,HEURISTIC_PROXY,4.0,0.0,0.0
HAPORTALCLASS135,phase_out,HEURISTIC_PROXY,5.0,2.0,0.0
HAPORTALCLASS40,active,HEURISTIC_PROXY,15.0,2.0,5.0
HAPORTALCLASS60,active,HEURISTIC_PROXY,18.0,16.0,7.0
HAPORTALGR040,active,HEURISTIC_PROXY,0.0,3.0,16.0
HAPORTALGR060,active,HEURISTIC_PROXY,0.0,9.0,14.0
HAPORTALGR090,active,HEURISTIC_PROXY,0.0,13.0,6.0
HAPORTALNAT40,active,HEURISTIC_PROXY,14.0,0.0,3.0
HAPORTALNAT60,phase_out,HEURISTIC_PROXY,18.0,0.0,0.0
HAPORTALNAT90,active,HEURISTIC_PROXY,4.0,1.0,5.0
HAPORTALSA040,active,HEURISTIC_PROXY,0.0,10.0,16.0
HAPORTALSA060,active,HEURISTIC_PROXY,0.0,4.0,13.0
HAPORTALSA090,active,HEURISTIC_PROXY,0.0,6.0,6.0
HAPRESTIGECONCRET050,phase_out,HEURISTIC_PROXY,5.0,1.0,1.0
HAPRESTIGESMOKE050,phase_out,HEURISTIC_PROXY,1.0,0.0,0.0
HARIVAANTH,active,HEURISTIC_PROXY,7.0,23.0,20.0
HASISAL025065,active,HEURISTIC_PROXY,8.0,25.0,22.0
HASISALBL,active,HEURISTIC_PROXY,0.0,19.0,22.0
HASISALNAT,active,HEURISTIC_PROXY,0.0,21.0,22.0
HAVIENNAANTH,active,HEURISTIC_PROXY,20.0,23.0,14.0
HAVIENNABR,active,HEURISTIC_PROXY,30.0,35.0,15.0
HAVIENNACR,active,HEURISTIC_PROXY,4.0,6.0,23.0
HAW30179103135190,phase_out,HEURISTIC_PROXY,1.0,0.0,0.0
HAWOOD45,active,HEURISTIC_PROXY,12.0,0.0,6.0
HEDUNEBE090,phase_out,HEURISTIC_PROXY,1.0,0.0,0.0
HEDUNECA090,phase_out,HEURISTIC_PROXY,3.0,0.0,0.0
HEDUNECA200,phase_out,HEURISTIC_PROXY,2.0,1.0,0.0
HEHAPPYPI200,phase_out,HEURISTIC_PROXY,1.0,0.0,0.0
HEINARIBL050,active,HEURISTIC_PROXY,6.0,1.0,3.0
HEINARIBL080,phase_out,HEURISTIC_PROXY,3.0,0.0,0.0
HEINARIBL080T,phase_out,HEURISTIC_PROXY,2.0,1.0,0.0
HEINARIBL140,phase_out,HEURISTIC_PROXY,1.0,0.0,1.0
HEINARIBL160R,phase_out,HEURISTIC_PROXY,2.0,1.0,0.0
HEINARIBL200R,phase_out,HEURISTIC_PROXY,1.0,0.0,1.0
HEINARIWH050,phase_out,HEURISTIC_PROXY,1.0,0.0,0.0
HEINARIWH080,phase_out,HEURISTIC_PROXY,2.0,1.0,1.0
HEINARIWH080R,phase_out,HEURISTIC_PROXY,2.0,0.0,1.0
HEINARIWH140,phase_out,HEURISTIC_PROXY,2.0,1.0,0.0
HEINARIYE080T,phase_out,HEURISTIC_PROXY,1.0,0.0,0.0
HEINARIYE200R,phase_out,HEURISTIC_PROXY,2.0,1.0,0.0
HEKAVYABE045,phase_out,HEURISTIC_PROXY,2.0,0.0,0.0
HEKAVYABE045PUF,phase_out,HEURISTIC_PROXY,6.0,1.0,0.0
HEKAVYABE160,phase_out,HEURISTIC_PROXY,3.0,1.0,0.0
HEKAVYABE200,phase_out,HEURISTIC_PROXY,2.0,1.0,1.0
HEKAVYABL045PUF,phase_out,HEURISTIC_PROXY,3.0,0.0,0.0
HEKAVYABL060,active,HEURISTIC_PROXY,2.0,4.0,4.0
HEKAVYABL080,active,HEURISTIC_PROXY,9.0,5.0,5.0
HEKAVYABL160,phase_out,HEURISTIC_PROXY,9.0,4.0,1.0
HEKAVYAGR060,phase_out,HEURISTIC_PROXY,9.0,1.0,2.0
HEKAVYAGR160,phase_out,HEURISTIC_PROXY,6.0,0.0,0.0
HEKAVYAPI060,active,HEURISTIC_PROXY,23.0,17.0,3.0
HEKAVYAPI080,phase_out,HEURISTIC_PROXY,17.0,8.0,2.0
HEKAVYAPI080300,phase_out,HEURISTIC_PROXY,5.0,2.0,0.0
HEKAVYARED045PUF,phase_out,HEURISTIC_PROXY,1.0,0.0,0.0
HEKAVYARED060,active,HEURISTIC_PROXY,3.0,1.0,4.0
HEKAVYARED080,phase_out,HEURISTIC_PROXY,7.0,2.0,0.0
HEKAVYARED080300,phase_out,HEURISTIC_PROXY,1.0,0.0,0.0
HEKAVYARED130,phase_out,HEURISTIC_PROXY,1.0,0.0,1.0
HEKAVYARED160,phase_out,HEURISTIC_PROXY,7.0,2.0,2.0
HEMADANIGR045,phase_out,HEURISTIC_PROXY,6.0,0.0,1.0
HEMADANIGR060,active,HEURISTIC_PROXY,12.0,0.0,4.0
HEMADANIGR080,phase_out,HEURISTIC_PROXY,16.0,0.0,0.0
HEMADANIGR080300,phase_out,HEURISTIC_PROXY,4.0,0.0,0.0
HEMADANIGR130,phase_out,HEURISTIC_PROXY,6.0,2.0,2.0
HEMADANIGR160,phase_out,HEURISTIC_PROXY,12.0,2.0,2.0
HEMADANIGR160P,phase_out,HEURISTIC_PROXY,1.0,0.0,0.0
HEMADANIGR200,phase_out,HEURISTIC_PROXY,3.0,0.0,1.0
HEMADANIIV045,phase_out,HEURISTIC_PROXY,1.0,0.0,0.0
HEMADANIIV045PUF,phase_out,HEURISTIC_PROXY,1.0,0.0,0.0
HEMADANIIV160,phase_out,HEURISTIC_PROXY,3.0,1.0,0.0
HEMADANIIV200,phase_out,HEURISTIC_PROXY,2.0,0.0,0.0
HEMADANITE060,phase_out,HEURISTIC_PROXY,9.0,0.0,0.0
HEMADANITE080,phase_out,HEURISTIC_PROXY,8.0,0.0,0.0
HEMADANITE080300,phase_out,HEURISTIC_PROXY,1.0,0.0,0.0
HEMADANITE130,phase_out,HEURISTIC_PROXY,4.0,0.0,1.0
HEMADANITE160,phase_out,HEURISTIC_PROXY,12.0,1.0,2.0
HEMOSSYDGR150,phase_out,HEURISTIC_PROXY,2.0,1.0,0.0
HESAHARANAT120R,phase_out,HEURISTIC_PROXY,1.0,0.0,0.0
HESAHARANAT140,phase_out,HEURISTIC_PROXY,1.0,0.0,0.0
HOKGOOUT040,phase_out,HEURISTIC_PROXY,1.0,0.0,0.0
HVARABESQUE120R,phase_out,HEURISTIC_PROXY,1.0,0.0,0.0
HVBALOONS130,phase_out,HEURISTIC_PROXY,2.0,0.0,0.0
HVCARIBBEAN060,phase_out,HEURISTIC_PROXY,1.0,0.0,0.0
HVCHAMPION080,phase_out,HEURISTIC_PROXY,1.0,0.0,0.0
HVCHAMPION130,phase_out,HEURISTIC_PROXY,1.0,0.0,0.0
HVCOLORFUL080,phase_out,HEURISTIC_PROXY,3.0,1.0,0.0
HVCOLORFUL100,phase_out,HEURISTIC_PROXY,1.0,0.0,0.0
HVDALIN080,phase_out,HEURISTIC_PROXY,2.0,0.0,0.0
HVEVAN160,phase_out,HEURISTIC_PROXY,1.0,0.0,0.0
HVFAIRY100,phase_out,HEURISTIC_PROXY,2.0,0.0,0.0
HVFAIRYTALE100,phase_out,HEURISTIC_PROXY,4.0,2.0,0.0
HVFANTASY130,phase_out,HEURISTIC_PROXY,2.0,1.0,0.0
HVFRIENDLY130,phase_out,HEURISTIC_PROXY,1.0,0.0,0.0
HVFRIENDLY160,phase_out,HEURISTIC_PROXY,2.0,0.0,0.0
HVFUNNYCARS160,phase_out,HEURISTIC_PROXY,1.0,0.0,0.0
HVGRACIE080,phase_out,HEURISTIC_PROXY,1.0,0.0,0.0
HVHANDPRINTS080,phase_out,HEURISTIC_PROXY,3.0,1.0,0.0
HVHAPPYOWLS160,phase_out,HEURISTIC_PROXY,2.0,1.0,0.0
HVLOVE100,phase_out,HEURISTIC_PROXY,1.0,0.0,0.0
HVMAGICBUTTERFL120,phase_out,HEURISTIC_PROXY,1.0,0.0,0.0
HVPAPILLONS060,phase_out,HEURISTIC_PROXY,1.0,0.0,0.0
HVPAPILLONS130,phase_out,HEURISTIC_PROXY,1.0,0.0,0.0
HVPAPILLONS200,phase_out,HEURISTIC_PROXY,1.0,0.0,0.0
HVPLAYING100,phase_out,HEURISTIC_PROXY,2.0,1.0,0.0
HVTREEGREEN100,phase_out,HEURISTIC_PROXY,1.0,0.0,0.0
INALAYA01160,phase_out,HEURISTIC_PROXY,2.0,1.0,2.0
INALAYA02160,phase_out,HEURISTIC_PROXY,5.0,2.0,1.0
INALAYA02200,phase_out,HEURISTIC_PROXY,1.0,0.0,0.0
INALAYA03160,active,HEURISTIC_PROXY,5.0,5.0,4.0
INALAYA03200R,phase_out,HEURISTIC_PROXY,1.0,0.0,1.0
INALAYA04160,phase_out,HEURISTIC_PROXY,5.0,1.0,0.0
INALAYA05160,phase_out,HEURISTIC_PROXY,6.0,2.0,1.0
INALAYA06160,phase_out,HEURISTIC_PROXY,6.0,2.0,2.0
INALAYA06200R,phase_out,HEURISTIC_PROXY,1.0,0.0,1.0
INALBY20160,phase_out,HEURISTIC_PROXY,2.0,1.0,2.0
INALBY21200,phase_out,HEURISTIC_PROXY,1.0,0.0,2.0
INALBY22200,phase_out,HEURISTIC_PROXY,1.0,0.0,2.0
INALYXGO160,phase_out,HEURISTIC_PROXY,2.0,1.0,0.0
INAMANABE160,phase_out,HEURISTIC_PROXY,1.0,0.0,0.0
INANAPASI130,phase_out,HEURISTIC_PROXY,1.0,0.0,0.0
INBAGGINS080,phase_out,HEURISTIC_PROXY,1.0,0.0,0.0
INCARNIA160,phase_out,HEURISTIC_PROXY,1.0,0.0,0.0
INDIAMONDMULTI060,active,HEURISTIC_PROXY,0.0,2.0,7.0
INDIAMONDMULTI060T,active,HEURISTIC_PROXY,0.0,7.0,7.0
INDISKLE060,active,HEURISTIC_PROXY,0.0,6.0,6.0
INDISKLE060T,active,HEURISTIC_PROXY,0.0,9.0,7.0
INGANDA160,phase_out,HEURISTIC_PROXY,1.0,0.0,0.0
INHALMA31160,phase_out,HEURISTIC_PROXY,2.0,1.0,0.0
INHALMA31200,phase_out,HEURISTIC_PROXY,1.0,0.0,0.0
INHALMA32160,phase_out,HEURISTIC_PROXY,5.0,2.0,1.0
INHALMA33160,phase_out,HEURISTIC_PROXY,4.0,1.0,0.0
INHALMA33200,phase_out,HEURISTIC_PROXY,3.0,0.0,0.0
INHALMA33300,phase_out,HEURISTIC_PROXY,1.0,0.0,0.0
INHALMA34300,phase_out,HEURISTIC_PROXY,2.0,1.0,0.0
INHALMA35160,phase_out,HEURISTIC_PROXY,7.0,2.0,0.0
INHALMA35300,phase_out,HEURISTIC_PROXY,1.0,0.0,0.0
INHALMA36160,phase_out,HEURISTIC_PROXY,4.0,2.0,1.0
INHALMA36200,phase_out,HEURISTIC_PROXY,1.0,0.0,0.0
INHALMA37160,phase_out,HEURISTIC_PROXY,6.0,2.0,0.0
INHERRINGBONESN060,active,HEURISTIC_PROXY,0.0,5.0,7.0
INHERRINGBONESN060T,active,HEURISTIC_PROXY,0.0,6.0,7.0
INILKA160,phase_out,HEURISTIC_PROXY,1.0,0.0,0.0
INIMARIAANTH160,phase_out,HEURISTIC_PROXY,4.0,2.0,1.0
INIMARIAANTH200,phase_out,HEURISTIC_PROXY,1.0,0.0,2.0
INIMARIAANTH250,phase_out,HEURISTIC_PROXY,1.0,0.0,0.0
INIMARIADGR160,phase_out,HEURISTIC_PROXY,2.0,1.0,1.0
INIMARIASA160,phase_out,HEURISTIC_PROXY,1.0,0.0,0.0
INIMARIASA200,phase_out,HEURISTIC_PROXY,1.0,0.0,0.0
INIMARIASA300,phase_out,HEURISTIC_PROXY,3.0,0.0,0.0
INMOORLANDTA160,phase_out,HEURISTIC_PROXY,1.0,0.0,0.0
INPOLOSI070,phase_out,HEURISTIC_PROXY,2.0,1.0,0.0
INPOLOSI090,phase_out,HEURISTIC_PROXY,2.0,0.0,0.0
INPOLOSI130,phase_out,HEURISTIC_PROXY,2.0,1.0,0.0
INSTARDUST160,phase_out,HEURISTIC_PROXY,2.0,0.0,0.0
INSTRIPEBE060,active,HEURISTIC_PROXY,0.0,9.0,7.0
INSTRIPEBE060T,active,HEURISTIC_PROXY,0.0,11.0,7.0
INSTRIPEGO060,active,HEURISTIC_PROXY,0.0,13.0,7.0
INSTRIPEGO060T,active,HEURISTIC_PROXY,0.0,8.0,7.0
INSTRIPEGR060,active,HEURISTIC_PROXY,0.0,8.0,8.0
INSTRIPEGR060T,active,HEURISTIC_PROXY,0.0,10.0,7.0
INSTRIPESEAGR060,active,HEURISTIC_PROXY,0.0,7.0,7.0
INSTRIPESEAGR060T,active,HEURISTIC_PROXY,0.0,9.0,7.0
INSTRIPESI060,active,HEURISTIC_PROXY,0.0,10.0,7.0
INSTRIPESI060T,active,HEURISTIC_PROXY,0.0,8.0,7.0
INTHORIN160,phase_out,HEURISTIC_PROXY,2.0,1.0,0.0
INTIMEBL090,phase_out,HEURISTIC_PROXY,2.0,0.0,0.0
INTROPEZNA160,phase_out,HEURISTIC_PROXY,1.0,0.0,0.0
INUNIBE060,active,HEURISTIC_PROXY,0.0,9.0,8.0
INUNIBE060T,active,HEURISTIC_PROXY,0.0,12.0,8.0
INUNIGO060,active,HEURISTIC_PROXY,0.0,11.0,9.0
INUNIGO060T,active,HEURISTIC_PROXY,0.0,13.0,7.0
INUNINAT060,active,HEURISTIC_PROXY,0.0,9.0,9.0
INUNINAT060T,active,HEURISTIC_PROXY,0.0,6.0,7.0
INUNIPE060,active,HEURISTIC_PROXY,0.0,9.0,7.0
INUNIPE060T,active,HEURISTIC_PROXY,0.0,10.0,7.0
INUNISEAGR060,active,HEURISTIC_PROXY,0.0,9.0,10.0
INUNISEAGR060T,active,HEURISTIC_PROXY,0.0,11.0,7.0
INUNISKY060,active,HEURISTIC_PROXY,0.0,10.0,6.0
INUNISKY060T,active,HEURISTIC_PROXY,0.0,7.0,7.0
JAAFGHANMORIRE5002168244,phase_out,HEURISTIC_PROXY,2.0,1.0,0.0
JAAFGHANMORIRE5006168244,phase_out,HEURISTIC_PROXY,1.0,0.0,0.0
JAALBE130,phase_out,HEURISTIC_PROXY,1.0,0.0,0.0
JAASL15LIV244305,phase_out,HEURISTIC_PROXY,1.0,0.0,0.0
JAAURORAQNQ0394417,phase_out,HEURISTIC_PROXY,1.0,0.0,0.0
JAAURORAQNQ0679244,phase_out,HEURISTIC_PROXY,1.0,0.0,0.0
JAAURORAQNQ07203310,phase_out,HEURISTIC_PROXY,1.0,0.0,0.0
JAAURORAQNQ10250300,phase_out,HEURISTIC_PROXY,1.0,0.0,0.0
JAAURORAQNQ39246300,phase_out,HEURISTIC_PROXY,1.0,0.0,0.0
JAAURORAQRS03244312,phase_out,HEURISTIC_PROXY,1.0,0.0,0.0
JABISCAYNESPS09250,phase_out,HEURISTIC_PROXY,1.0,0.0,0.0
JAIDRIS02AQ080,active,HEURISTIC_PROXY,0.0,7.0,7.0
JAIDRIS02AQ160,active,HEURISTIC_PROXY,0.0,6.0,6.0
JAIDRIS03COFCA080,active,HEURISTIC_PROXY,0.0,7.0,7.0
JAIDRIS03COFCA160,active,HEURISTIC_PROXY,0.0,6.0,6.0
JAIDRIS05WH080,active,HEURISTIC_PROXY,0.0,9.0,7.0
JAIDRIS05WH160,active,HEURISTIC_PROXY,0.0,4.0,5.0
JAIDRIS06AQUA080,active,HEURISTIC_PROXY,0.0,7.0,7.0
JAIDRIS06AQUA160,active,HEURISTIC_PROXY,0.0,6.0,6.0
JAIDRIS14WHSEA080,active,HEURISTIC_PROXY,0.0,7.0,7.0
JAIDRIS14WHSEA160,active,HEURISTIC_PROXY,0.0,5.0,5.0
JAIDRIS431WH080,active,HEURISTIC_PROXY,0.0,7.0,7.0
JAIDRIS431WH160,active,HEURISTIC_PROXY,0.0,5.0,5.0
JAKASHMIRASL16203300,phase_out,HEURISTIC_PROXY,1.0,0.0,0.0
JAKASHMIRASL18244305,phase_out,HEURISTIC_PROXY,1.0,0.0,0.0
JAKAVIESK404089152,phase_out,HEURISTIC_PROXY,1.0,0.0,0.0
JAQNQ50090295,phase_out,HEURISTIC_PROXY,1.0,0.0,0.0
JASOHOAS080,phase_out,HEURISTIC_PROXY,1.0,0.0,0.0
JASRB709WHBL241300,phase_out,HEURISTIC_PROXY,1.0,0.0,0.0
JASRB727AQWH165244,phase_out,HEURISTIC_PROXY,1.0,0.0,0.0
JATIBETANAIWL1015122152,phase_out,HEURISTIC_PROXY,1.0,0.0,0.0
JAWARNIQNQ03246307,phase_out,HEURISTIC_PROXY,1.0,0.0,0.0
JAWARNIQNQ10240300,phase_out,HEURISTIC_PROXY,1.0,0.0,0.0
JAWARNIQNQ10250300,phase_out,HEURISTIC_PROXY,1.0,0.0,0.0
KABUZZ080,phase_out,HEURISTIC_PROXY,11.0,0.0,0.0
KABUZZ160,phase_out,HEURISTIC_PROXY,5.0,1.0,0.0
KABUZZ200,phase_out,HEURISTIC_PROXY,1.0,0.0,0.0
KASHIN080,phase_out,HEURISTIC_PROXY,11.0,1.0,2.0
KASHIN200,phase_out,HEURISTIC_PROXY,1.0,0.0,0.0
KAYODA080,phase_out,HEURISTIC_PROXY,15.0,2.0,1.0
KAYODA160,phase_out,HEURISTIC_PROXY,10.0,2.0,0.0
KAYODA200,phase_out,HEURISTIC_PROXY,1.0,0.0,1.0
KAZIGGI080,phase_out,HEURISTIC_PROXY,10.0,2.0,0.0
KAZIGGI130,phase_out,HEURISTIC_PROXY,3.0,0.0,0.0
KAZIGGI160,phase_out,HEURISTIC_PROXY,8.0,2.0,1.0
KAZIGGI200,phase_out,HEURISTIC_PROXY,2.0,0.0,0.0
KUELROY432MU080,active,HEURISTIC_PROXY,0.0,6.0,7.0
KUELROY432MU160,active,HEURISTIC_PROXY,0.0,6.0,6.0
KUELROY492DKBL080,active,HEURISTIC_PROXY,0.0,7.0,7.0
KUELROY492DKBL160,active,HEURISTIC_PROXY,0.0,6.0,6.0
KUELROY501DKGR080,active,HEURISTIC_PROXY,0.0,7.0,7.0
KUELROY501DKGR160,active,HEURISTIC_PROXY,0.0,6.0,6.0
KUELROY504GR080,active,HEURISTIC_PROXY,0.0,7.0,7.0
KUELROY504GR160,active,HEURISTIC_PROXY,0.0,6.0,6.0
KUELROY522OR080,active,HEURISTIC_PROXY,0.0,7.0,7.0
KUELROY522OR160,active,HEURISTIC_PROXY,0.0,5.0,5.0
KUMILLER1217BE080,active,HEURISTIC_PROXY,0.0,7.0,7.0
KUMILLER1217BE160,active,HEURISTIC_PROXY,0.0,5.0,5.0
KUMILLER1650BL080,active,HEURISTIC_PROXY,0.0,7.0,7.0
KUMILLER1650BL160,active,HEURISTIC_PROXY,0.0,7.0,5.0
KUMILLER1807CA160,active,HEURISTIC_PROXY,0.0,3.0,3.0
LAGLAMOUR60PUF,phase_out,HEURISTIC_PROXY,2.0,1.0,0.0
LAGLAMOURIVORY160230,phase_out,HEURISTIC_PROXY,1.0,0.0,0.0
LAHOBBS080,phase_out,HEURISTIC_PROXY,2.0,0.0,0.0
LAMOBLUE050,phase_out,HEURISTIC_PROXY,1.0,0.0,0.0
LAMOLA080,phase_out,HEURISTIC_PROXY,1.0,0.0,0.0
LAMOLA080230,phase_out,HEURISTIC_PROXY,1.0,0.0,0.0
LAMONO050,phase_out,HEURISTIC_PROXY,2.0,0.0,0.0
LAMONO200,phase_out,HEURISTIC_PROXY,2.0,1.0,0.0
LAMOPI050,phase_out,HEURISTIC_PROXY,2.0,0.0,0.0
LAMOPI080,phase_out,HEURISTIC_PROXY,1.0,0.0,0.0
LAMOPI140,phase_out,HEURISTIC_PROXY,1.0,0.0,0.0
LAMOSI140,phase_out,HEURISTIC_PROXY,4.0,1.0,1.0
LAMOSI200R,phase_out,HEURISTIC_PROXY,1.0,0.0,0.0
LAMOWHGR120R,phase_out,HEURISTIC_PROXY,1.0,0.0,0.0
LFC38001120180,phase_out,HEURISTIC_PROXY,1.0,0.0,0.0
LOCRAFT150BECR080,active,HEURISTIC_PROXY,0.0,7.0,5.0
LOCRAFT150BECR160,active,HEURISTIC_PROXY,0.0,7.0,4.0
LOGOLDTHREAD04BE080,active,HEURISTIC_PROXY,0.0,2.0,5.0
LOGOLDTHREAD04BE160,active,HEURISTIC_PROXY,0.0,5.0,7.0
LOGOLDTHREAD08BE080,active,HEURISTIC_PROXY,0.0,2.0,5.0
LOGOLDTHREAD08BE160,active,HEURISTIC_PROXY,0.0,7.0,7.0
LOGOLDTHREAD10BE080,active,HEURISTIC_PROXY,0.0,3.0,4.0
LOGOLDTHREAD10BE160,active,HEURISTIC_PROXY,0.0,5.0,7.0
LOGOLDTHREAD12BE080,active,HEURISTIC_PROXY,0.0,4.0,5.0
LOGOLDTHREAD12BE160,active,HEURISTIC_PROXY,0.0,5.0,7.0
LOMULTI06DE080,active,HEURISTIC_PROXY,0.0,0.0,5.0
LOMULTI08DE080,active,HEURISTIC_PROXY,0.0,6.0,6.0
LOMULTI08DE160,active,HEURISTIC_PROXY,0.0,2.0,4.0
LOMULTI12DE080,active,HEURISTIC_PROXY,0.0,2.0,7.0
LOMULTI12DE160,active,HEURISTIC_PROXY,0.0,4.0,3.0
LOMULTI34DE080,active,HEURISTIC_PROXY,0.0,4.0,3.0
LOPEARL100CR080,active,HEURISTIC_PROXY,0.0,7.0,6.0
LOPEARL100CR160,active,HEURISTIC_PROXY,0.0,10.0,3.0
LOPEARL63CR080,active,HEURISTIC_PROXY,0.0,9.0,6.0
LOPEARL63CR160,active,HEURISTIC_PROXY,0.0,3.0,3.0
LOPEARL77CR080,active,HEURISTIC_PROXY,0.0,6.0,6.0
LOPEARL77CR160,active,HEURISTIC_PROXY,0.0,4.0,3.0
MAMIRCA160,phase_out,HEURISTIC_PROXY,1.0,0.0,0.0
MASIFA160,phase_out,HEURISTIC_PROXY,1.0,0.0,0.0
ME230522878133195,phase_out,HEURISTIC_PROXY,1.0,0.0,0.0
MEALAMOBE200,phase_out,HEURISTIC_PROXY,1.0,0.0,0.0
MEALLESIOBE080T,phase_out,HEURISTIC_PROXY,2.0,0.0,0.0
MEALPAGABL160,phase_out,HEURISTIC_PROXY,2.0,1.0,0.0
MEAQUA080,active,HEURISTIC_PROXY,7.0,4.0,3.0
MEAQUA160,active,HEURISTIC_PROXY,4.0,4.0,4.0
MEARCLINEBE080,phase_out,HEURISTIC_PROXY,6.0,3.0,1.0
MEARCLINEBE160,phase_out,HEURISTIC_PROXY,3.0,1.0,0.0
MEARCLINEBE200,phase_out,HEURISTIC_PROXY,2.0,1.0,0.0
MEAVERY160,phase_out,HEURISTIC_PROXY,2.0,0.0,0.0
MEBALTIMORE080,phase_out,HEURISTIC_PROXY,1.0,0.0,0.0
MEBALTIMORE140,phase_out,HEURISTIC_PROXY,1.0,0.0,0.0
MEBALTIMORE160,phase_out,HEURISTIC_PROXY,1.0,0.0,0.0
MEBELLAGR160,phase_out,HEURISTIC_PROXY,1.0,0.0,0.0
MEBROKGREY080,phase_out,HEURISTIC_PROXY,1.0,0.0,0.0
MEBROKGREY133,phase_out,HEURISTIC_PROXY,1.0,0.0,0.0
MEBUTTERFLIES080,active,HEURISTIC_PROXY,0.0,6.0,8.0
MEBUTTERFLIES160,active,HEURISTIC_PROXY,2.0,4.0,6.0
MECOSMOS080,active,HEURISTIC_PROXY,4.0,4.0,5.0
MECOSMOS160,active,HEURISTIC_PROXY,0.0,3.0,3.0
MECRESTBL080,phase_out,HEURISTIC_PROXY,1.0,0.0,0.0
MECRESTBL140,phase_out,HEURISTIC_PROXY,2.0,1.0,0.0
MECRESTGO140,phase_out,HEURISTIC_PROXY,1.0,0.0,0.0
MECRESTGO200,phase_out,HEURISTIC_PROXY,1.0,0.0,0.0
MECRESTIV200,phase_out,HEURISTIC_PROXY,1.0,0.0,0.0
MECROCODILE080,phase_out,HEURISTIC_PROXY,4.0,1.0,2.0
MECROCODILE130,phase_out,HEURISTIC_PROXY,2.0,1.0,0.0
MECROCODILE160,phase_out,HEURISTIC_PROXY,3.0,0.0,0.0
MEDEBOTBE130,phase_out,HEURISTIC_PROXY,1.0,0.0,0.0
MEDELAGE133,phase_out,HEURISTIC_PROXY,1.0,0.0,0.0
MEDERRY160,phase_out,HEURISTIC_PROXY,2.0,1.0,0.0
MEEPPING080,phase_out,HEURISTIC_PROXY,2.0,0.0,0.0
MEEXPLORE130,phase_out,HEURISTIC_PROXY,2.0,0.0,0.0
MEFAJUBE080T,phase_out,HEURISTIC_PROXY,1.0,0.0,0.0
MEFAJUBE160,active,HEURISTIC_PROXY,5.0,6.0,3.0
MEFAJUBE200,phase_out,HEURISTIC_PROXY,1.0,0.0,1.0
MEFAJUBR080,active,HEURISTIC_PROXY,8.0,5.0,3.0
MEFAJUBR140,phase_out,HEURISTIC_PROXY,2.0,1.0,2.0
MEFAJUBR240,phase_out,HEURISTIC_PROXY,1.0,0.0,0.0
MEFAJUGR080T,active,HEURISTIC_PROXY,1.0,1.0,4.0
MEFAJUGR140,phase_out,HEURISTIC_PROXY,2.0,1.0,0.0
MEFAJUGR200,phase_out,HEURISTIC_PROXY,2.0,0.0,1.0
MEFAJUGR240,phase_out,HEURISTIC_PROXY,1.0,0.0,0.0
MEFLYERBR080,active,HEURISTIC_PROXY,0.0,6.0,6.0
MEFLYERBR160,active,HEURISTIC_PROXY,0.0,6.0,5.0
MEFLYING080,active,HEURISTIC_PROXY,2.0,5.0,4.0
MEFREDOBE080,phase_out,HEURISTIC_PROXY,2.0,0.0,0.0
MEFREDOBE160,phase_out,HEURISTIC_PROXY,1.0,0.0,0.0
MEGARRY080,active,HEURISTIC_PROXY,9.0,8.0,5.0
MEGARRY140,phase_out,HEURISTIC_PROXY,1.0,0.0,0.0
MEGARRY200,phase_out,HEURISTIC_PROXY,2.0,1.0,2.0
MEHAHSBE080,phase_out,HEURISTIC_PROXY,10.0,3.0,0.0
MEHAHSBE130,phase_out,HEURISTIC_PROXY,1.0,0.0,0.0
MEHAHSBL160,phase_out,HEURISTIC_PROXY,6.0,2.0,0.0
MEHAHSBR080,phase_out,HEURISTIC_PROXY,10.0,1.0,2.0
MEHAHSBR080T,phase_out,HEURISTIC_PROXY,2.0,1.0,0.0
MEHAHSBR200,phase_out,HEURISTIC_PROXY,1.0,0.0,2.0
MEHAHSCO080,phase_out,HEURISTIC_PROXY,9.0,1.0,1.0
MEHAHSCO130,phase_out,HEURISTIC_PROXY,3.0,1.0,1.0
MEHAHSCO200,phase_out,HEURISTIC_PROXY,1.0,0.0,1.0
MEHAHSDGR130,phase_out,HEURISTIC_PROXY,2.0,0.0,0.0
MEHAHSGR080,phase_out,HEURISTIC_PROXY,2.0,1.0,0.0
MEHAHSGR160,phase_out,HEURISTIC_PROXY,6.0,3.0,0.0
MEHAHSIV080,active,HEURISTIC_PROXY,10.0,5.0,3.0
MEHAHSIV200,phase_out,HEURISTIC_PROXY,1.0,0.0,1.0
MEHAHSLGR080,active,HEURISTIC_PROXY,9.0,9.0,5.0
MEHAHSLGR130,phase_out,HEURISTIC_PROXY,2.0,1.0,1.0
MEHAHSLGR160,active,HEURISTIC_PROXY,7.0,10.0,3.0
MEICEAGE130,phase_out,HEURISTIC_PROXY,4.0,2.0,2.0
MEICEAGE160,phase_out,HEURISTIC_PROXY,6.0,3.0,2.0
MEISSYBL160,phase_out,HEURISTIC_PROXY,1.0,0.0,0.0
MEJUNGLE080,phase_out,HEURISTIC_PROXY,8.0,2.0,0.0
MEJUNGLE160,active,HEURISTIC_PROXY,0.0,4.0,3.0
MEKEMPS080,phase_out,HEURISTIC_PROXY,2.0,0.0,0.0
MEKEMPS133,phase_out,HEURISTIC_PROXY,1.0,0.0,0.0
MEKINSEYGO080,active,HEURISTIC_PROXY,0.0,9.0,10.0
MEKINSEYGO160,active,HEURISTIC_PROXY,0.0,6.0,7.0
MEKINSEYGR080,active,HEURISTIC_PROXY,0.0,9.0,10.0
MEKINSEYGR160,active,HEURISTIC_PROXY,0.0,7.0,7.0
MELANG080,phase_out,HEURISTIC_PROXY,6.0,2.0,0.0
MELENA160,phase_out,HEURISTIC_PROXY,2.0,1.0,0.0
MELIGATO080,active,HEURISTIC_PROXY,9.0,7.0,7.0
MELIGATO080T,phase_out,HEURISTIC_PROXY,2.0,1.0,2.0
MELIGATO160,active,HEURISTIC_PROXY,7.0,6.0,4.0
MELIGATO200,active,HEURISTIC_PROXY,5.0,6.0,3.0
MELIGATOBL080,active,HEURISTIC_PROXY,0.0,10.0,7.0
MELIGATOBL160,active,HEURISTIC_PROXY,0.0,5.0,7.0
MELOVELY080,active,HEURISTIC_PROXY,6.0,5.0,4.0
MELOVELY130,phase_out,HEURISTIC_PROXY,1.0,0.0,1.0
MELOVELY160,active,HEURISTIC_PROXY,4.0,4.0,7.0
MELUCCA080,active,HEURISTIC_PROXY,8.0,9.0,3.0
MELUCCA160,active,HEURISTIC_PROXY,6.0,5.0,3.0
MELUCCA200,active,HEURISTIC_PROXY,1.0,4.0,3.0
MELUCCA240,phase_out,HEURISTIC_PROXY,1.0,0.0,2.0
MELUCCABL200,active,HEURISTIC_PROXY,3.0,5.0,4.0
MELUCCAMU080,active,HEURISTIC_PROXY,0.0,11.0,11.0
MELUCCAMU160,active,HEURISTIC_PROXY,0.0,7.0,7.0
MELUCCAYE080,active,HEURISTIC_PROXY,0.0,9.0,11.0
MELUCCAYE160,active,HEURISTIC_PROXY,0.0,6.0,7.0
MEMANAV160,phase_out,HEURISTIC_PROXY,8.0,2.0,0.0
MEMENZY5001080,phase_out,HEURISTIC_PROXY,6.0,2.0,1.0
MEMENZY5001160,active,HEURISTIC_PROXY,2.0,1.0,4.0
MEMENZY5001200,phase_out,HEURISTIC_PROXY,2.0,1.0,0.0
MEMENZY5008080,phase_out,HEURISTIC_PROXY,6.0,1.0,1.0
MEMENZY5008160,phase_out,HEURISTIC_PROXY,5.0,0.0,0.0
MEMENZY5008200,phase_out,HEURISTIC_PROXY,3.0,1.0,0.0
MEMENZY5011080,phase_out,HEURISTIC_PROXY,4.0,1.0,1.0
MEMENZY5011160,active,HEURISTIC_PROXY,2.0,0.0,8.0
MEMENZY64067080,phase_out,HEURISTIC_PROXY,9.0,1.0,2.0
MEMENZY64067160,phase_out,HEURISTIC_PROXY,6.0,0.0,1.0
MEMENZY64067200,phase_out,HEURISTIC_PROXY,4.0,1.0,0.0
MEMENZYBE080,active,HEURISTIC_PROXY,4.0,8.0,8.0
MEMIDAS080,phase_out,HEURISTIC_PROXY,2.0,0.0,0.0
MEMOS160,phase_out,HEURISTIC_PROXY,9.0,2.0,0.0
MEMOS160230,phase_out,HEURISTIC_PROXY,3.0,1.0,0.0
MEMOYA080,phase_out,HEURISTIC_PROXY,1.0,0.0,0.0
MEMOYA140,phase_out,HEURISTIC_PROXY,1.0,0.0,0.0
MEMOYA200,phase_out,HEURISTIC_PROXY,1.0,0.0,0.0
MEPAPIRAPI160,phase_out,HEURISTIC_PROXY,2.0,1.0,0.0
MEPARTY080,active,HEURISTIC_PROXY,5.0,3.0,3.0
MEPAZ140,phase_out,HEURISTIC_PROXY,1.0,0.0,0.0
MEPELL080,phase_out,HEURISTIC_PROXY,2.0,0.0,0.0
MEPELL160,phase_out,HEURISTIC_PROXY,1.0,0.0,0.0
MEPLAY080,active,HEURISTIC_PROXY,4.0,8.0,4.0
MEPLAY130,phase_out,HEURISTIC_PROXY,4.0,2.0,1.0
MERAINBOW080,active,HEURISTIC_PROXY,6.0,4.0,3.0
MERAINBOW130,active,HEURISTIC_PROXY,0.0,0.0,3.0
MEREMONT080,phase_out,HEURISTIC_PROXY,3.0,1.0,0.0
MEREMONT160,phase_out,HEURISTIC_PROXY,1.0,0.0,0.0
MESALBE080,phase_out,HEURISTIC_PROXY,7.0,2.0,0.0
MESALBE140,phase_out,HEURISTIC_PROXY,3.0,0.0,0.0
MESALBE160,phase_out,HEURISTIC_PROXY,8.0,1.0,0.0
MESALGR080,phase_out,HEURISTIC_PROXY,9.0,1.0,0.0
MESALGR140,phase_out,HEURISTIC_PROXY,1.0,0.0,0.0
MESALGR160,phase_out,HEURISTIC_PROXY,9.0,3.0,0.0
MESAV160,phase_out,HEURISTIC_PROXY,1.0,0.0,0.0
MESAV200,phase_out,HEURISTIC_PROXY,1.0,0.0,0.0
MESEPVROGR080,active,HEURISTIC_PROXY,10.0,7.0,4.0
MESEPVROGR200,active,HEURISTIC_PROXY,5.0,5.0,5.0
MESEPVROGR250,phase_out,HEURISTIC_PROXY,1.0,0.0,0.0
MESEPVROWH080,active,HEURISTIC_PROXY,0.0,5.0,8.0
MESEPVROWH160,active,HEURISTIC_PROXY,0.0,4.0,5.0
METAYLORBE160,phase_out,HEURISTIC_PROXY,1.0,0.0,0.0
METAYLORBR160,phase_out,HEURISTIC_PROXY,1.0,0.0,0.0
METREPORBR080,active,HEURISTIC_PROXY,0.0,8.0,8.0
METREPORBR160,active,HEURISTIC_PROXY,0.0,8.0,7.0
METREPORBR200,active,HEURISTIC_PROXY,0.0,3.0,3.0
MEURIBE080,phase_out,HEURISTIC_PROXY,1.0,0.0,0.0
MEVALCYFBE080,active,HEURISTIC_PROXY,0.0,7.0,8.0
MEVALCYFBE160,active,HEURISTIC_PROXY,0.0,6.0,7.0
MEVALCYFBE200,active,HEURISTIC_PROXY,0.0,4.0,3.0
MEVALCYFGO080,active,HEURISTIC_PROXY,0.0,10.0,10.0
MEVALCYFGO160,active,HEURISTIC_PROXY,0.0,6.0,7.0
MEVALCYFGR080,active,HEURISTIC_PROXY,0.0,7.0,8.0
MEVALCYFGR160,active,HEURISTIC_PROXY,0.0,7.0,7.0
MEVICKY080,phase_out,HEURISTIC_PROXY,1.0,0.0,0.0
MEVINH080,phase_out,HEURISTIC_PROXY,10.0,4.0,2.0
MEVINH130,phase_out,HEURISTIC_PROXY,1.0,0.0,0.0
MEVINH160,phase_out,HEURISTIC_PROXY,7.0,1.0,1.0
MEVINH200,phase_out,HEURISTIC_PROXY,2.0,1.0,1.0
MEVLUG080,phase_out,HEURISTIC_PROXY,2.0,0.0,0.0
MEVLUG140,phase_out,HEURISTIC_PROXY,1.0,0.0,0.0
MEWADIBR140,phase_out,HEURISTIC_PROXY,2.0,1.0,0.0
MEWADIBR200,phase_out,HEURISTIC_PROXY,1.0,0.0,0.0
MEWADIGR080,active,HEURISTIC_PROXY,9.0,8.0,3.0
MEWADIGR160,active,HEURISTIC_PROXY,7.0,8.0,3.0
MEWADIGR200,phase_out,HEURISTIC_PROXY,2.0,1.0,1.0
MEWADIGR240,phase_out,HEURISTIC_PROXY,1.0,0.0,1.0
MEWATTLE080,phase_out,HEURISTIC_PROXY,2.0,1.0,0.0
MEWATTLE133,phase_out,HEURISTIC_PROXY,1.0,0.0,0.0
MEWEEPTOBE080,active,HEURISTIC_PROXY,10.0,8.0,6.0
MEWEEPTOBE130,phase_out,HEURISTIC_PROXY,2.0,1.0,1.0
MEWEEPTOBE160,active,HEURISTIC_PROXY,7.0,4.0,3.0
MHBALIWELCOME,active,HEURISTIC_PROXY,15.0,0.0,6.0
MHBAXTER,phase_out,HEURISTIC_PROXY,6.0,0.0,0.0
MHBICYCLE,phase_out,HEURISTIC_PROXY,15.0,0.0,0.0
MHBRUSHGR,phase_out,HEURISTIC_PROXY,12.0,0.0,0.0
MHCOLORED,phase_out,HEURISTIC_PROXY,16.0,1.0,0.0
MHCONTROUNDSANTH,phase_out,HEURISTIC_PROXY,15.0,1.0,1.0
MHDACHSHUND,phase_out,HEURISTIC_PROXY,11.0,0.0,0.0
MHDACHSHUND45,phase_out,HEURISTIC_PROXY,13.0,0.0,0.0
MHDIRTSCRAPER,active,HEURISTIC_PROXY,9.0,0.0,3.0
MHFRPEBBLES,phase_out,HEURISTIC_PROXY,3.0,0.0,0.0
MHHAPPYPLACE,phase_out,HEURISTIC_PROXY,16.0,0.0,1.0
MHMYWORLD,phase_out,HEURISTIC_PROXY,13.0,0.0,0.0
MHPAINTEDCAT,phase_out,HEURISTIC_PROXY,6.0,0.0,0.0
MHPARQUETANTH,active,HEURISTIC_PROXY,9.0,0.0,3.0
MHPARQUETBR,phase_out,HEURISTIC_PROXY,6.0,0.0,0.0
MHRUSTICHOME,phase_out,HEURISTIC_PROXY,8.0,0.0,0.0
MHSHOESHERE,phase_out,HEURISTIC_PROXY,9.0,0.0,0.0
MHSTARS,phase_out,HEURISTIC_PROXY,11.0,1.0,0.0
MHSTONE,phase_out,HEURISTIC_PROXY,21.0,1.0,0.0
MHSUCCULENTS,active,HEURISTIC_PROXY,12.0,0.0,6.0
MHVEGASBR,active,HEURISTIC_PROXY,10.0,0.0,5.0
MHVEGASGR,active,HEURISTIC_PROXY,11.0,0.0,5.0
MHWELCOME,active,HEURISTIC_PROXY,13.0,0.0,6.0
MHWELCOMESTARS,active,HEURISTIC_PROXY,13.0,0.0,7.0
MHWOOD,phase_out,HEURISTIC_PROXY,9.0,0.0,0.0
MIAHUNBL080,phase_out,HEURISTIC_PROXY,1.0,0.0,0.0
MIARTMOST080,phase_out,HEURISTIC_PROXY,4.0,2.0,2.0
MIARTMOST130,phase_out,HEURISTIC_PROXY,2.0,1.0,2.0
MIARTMOST160,active,HEURISTIC_PROXY,6.0,3.0,3.0
MIAUTUN200,phase_out,HEURISTIC_PROXY,1.0,0.0,0.0
MIBEGLI080,active,HEURISTIC_PROXY,2.0,8.0,10.0
MIBEGLI160,active,HEURISTIC_PROXY,8.0,9.0,6.0
MIBEGLI200,active,HEURISTIC_PROXY,0.0,7.0,3.0
MIBEGLIANTH080,active,HEURISTIC_PROXY,0.0,7.0,7.0
MIBEGLIANTH160,active,HEURISTIC_PROXY,0.0,7.0,8.0
MIBEGLIBL080,active,HEURISTIC_PROXY,0.0,2.0,8.0
MIBEGLIBL160,active,HEURISTIC_PROXY,0.0,5.0,6.0
MIBEGLIBL200,active,HEURISTIC_PROXY,0.0,4.0,3.0
MIBENOITGO200,phase_out,HEURISTIC_PROXY,1.0,0.0,0.0
MIBENOITGR080,phase_out,HEURISTIC_PROXY,1.0,0.0,0.0
MIBENOITRED080,phase_out,HEURISTIC_PROXY,1.0,0.0,0.0
MIBENOITRED160,phase_out,HEURISTIC_PROXY,1.0,0.0,0.0
MIBENOITRED200,phase_out,HEURISTIC_PROXY,2.0,0.0,1.0
MIBOZAN080,active,HEURISTIC_PROXY,9.0,9.0,3.0
MIBOZAN130,phase_out,HEURISTIC_PROXY,2.0,0.0,0.0
MIEGLISE080,active,HEURISTIC_PROXY,7.0,0.0,3.0
MIEGLISE140,phase_out,HEURISTIC_PROXY,1.0,0.0,0.0
MIEGLISE160,phase_out,HEURISTIC_PROXY,4.0,0.0,0.0
MIEGLISE200,phase_out,HEURISTIC_PROXY,2.0,0.0,2.0
MIESSOSBL080,active,HEURISTIC_PROXY,0.0,9.0,10.0
MIESSOSBL160,active,HEURISTIC_PROXY,0.0,4.0,5.0
MIESSOSGR080,active,HEURISTIC_PROXY,0.0,9.0,9.0
MIESSOSGR160,active,HEURISTIC_PROXY,0.0,8.0,6.0
MIEUMENE080,phase_out,HEURISTIC_PROXY,2.0,0.0,0.0
MIEUMENE140,phase_out,HEURISTIC_PROXY,1.0,0.0,0.0
MIEUMENE200,phase_out,HEURISTIC_PROXY,1.0,0.0,0.0
MIFACTOGO080,active,HEURISTIC_PROXY,9.0,5.0,8.0
MIFACTOGO160,active,HEURISTIC_PROXY,5.0,9.0,5.0
MIFACTOGO160R,active,HEURISTIC_PROXY,2.0,1.0,3.0
MIFACTOGO200,active,HEURISTIC_PROXY,2.0,6.0,5.0
MIFACTOGR130,active,HEURISTIC_PROXY,2.0,5.0,3.0
MIFACTOGR160R,phase_out,HEURISTIC_PROXY,2.0,1.0,1.0
MIFACTOGREEN200,phase_out,HEURISTIC_PROXY,2.0,1.0,1.0
MIFLATMU160,active,HEURISTIC_PROXY,0.0,2.0,6.0
MIGAMET080,active,HEURISTIC_PROXY,9.0,9.0,11.0
MIGAMET130,phase_out,HEURISTIC_PROXY,2.0,1.0,2.0
MIGAMET160,active,HEURISTIC_PROXY,4.0,7.0,3.0
MIGAMET160R,phase_out,HEURISTIC_PROXY,3.0,1.0,1.0
MIGAMET200R,active,HEURISTIC_PROXY,1.0,3.0,3.0
MIGAMET250,phase_out,HEURISTIC_PROXY,1.0,0.0,0.0
MIGAMET250R,phase_out,HEURISTIC_PROXY,1.0,0.0,0.0
MIGAMETBE080,active,HEURISTIC_PROXY,6.0,12.0,11.0
MIGAMETBE160,active,HEURISTIC_PROXY,9.0,10.0,4.0
MIGAMETBE250,phase_out,HEURISTIC_PROXY,1.0,0.0,0.0
MIGAMETBL080,active,HEURISTIC_PROXY,11.0,1.0,9.0
MIGAMETBL140,active,HEURISTIC_PROXY,1.0,2.0,3.0
MIGAMETBL160R,phase_out,HEURISTIC_PROXY,1.0,0.0,0.0
MIGAMETBL200,active,HEURISTIC_PROXY,0.0,2.0,3.0
MIGAMETCO080,phase_out,HEURISTIC_PROXY,4.0,0.0,0.0
MIGAMETCO140,phase_out,HEURISTIC_PROXY,2.0,0.0,0.0
MIGAMETCO160,phase_out,HEURISTIC_PROXY,3.0,1.0,0.0
MIGAMETGREEN160,active,HEURISTIC_PROXY,5.0,6.0,6.0
MIGAMETGREEN160R,phase_out,HEURISTIC_PROXY,3.0,1.0,0.0
MIGAMETGREEN200,phase_out,HEURISTIC_PROXY,4.0,2.0,0.0
MIGAMETGREEN200R,phase_out,HEURISTIC_PROXY,1.0,0.0,0.0
MIGIOPGR080,active,HEURISTIC_PROXY,0.0,10.0,9.0
MIGIOPGR160,active,HEURISTIC_PROXY,0.0,5.0,6.0
MIHITALI080,active,HEURISTIC_PROXY,5.0,3.0,3.0
MIHITALI130,phase_out,HEURISTIC_PROXY,1.0,0.0,1.0
MIHITALI160,phase_out,HEURISTIC_PROXY,6.0,2.0,1.0
MIHITALI200,phase_out,HEURISTIC_PROXY,2.0,1.0,2.0
MIKAYI080,active,HEURISTIC_PROXY,10.0,8.0,3.0
MIKAYI120,phase_out,HEURISTIC_PROXY,3.0,0.0,2.0
MIMYLO080,active,HEURISTIC_PROXY,4.0,7.0,3.0
MIMYLO130,phase_out,HEURISTIC_PROXY,3.0,0.0,0.0
MIMYLO160,active,HEURISTIC_PROXY,6.0,8.0,3.0
MIMYLO200,phase_out,HEURISTIC_PROXY,2.0,1.0,1.0
MINEVERS080,active,HEURISTIC_PROXY,5.0,14.0,8.0
MINEVERS130,phase_out,HEURISTIC_PROXY,2.0,1.0,2.0
MINEVERS160,active,HEURISTIC_PROXY,5.0,8.0,6.0
MIOTHONGR080,active,HEURISTIC_PROXY,0.0,7.0,9.0
MIOTHONGR160,active,HEURISTIC_PROXY,0.0,10.0,6.0
MIPRYDA080,phase_out,HEURISTIC_PROXY,12.0,2.0,1.0
MIPRYDA160,phase_out,HEURISTIC_PROXY,5.0,1.0,0.0
MISALON080,active,HEURISTIC_PROXY,9.0,14.0,7.0
MISALON200,active,HEURISTIC_PROXY,2.0,7.0,5.0
MISALON250R,phase_out,HEURISTIC_PROXY,1.0,0.0,0.0
MISALONBL080,phase_out,HEURISTIC_PROXY,11.0,1.0,2.0
MISALONBL130,phase_out,HEURISTIC_PROXY,3.0,1.0,1.0
MISALONBL160,phase_out,HEURISTIC_PROXY,8.0,4.0,1.0
MISALONBL200,phase_out,HEURISTIC_PROXY,4.0,0.0,0.0
MISALONBL200R,phase_out,HEURISTIC_PROXY,2.0,0.0,0.0
MISALONGR080,phase_out,HEURISTIC_PROXY,9.0,2.0,0.0
MISALONGR160R,phase_out,HEURISTIC_PROXY,3.0,1.0,0.0
MISALONGR200,phase_out,HEURISTIC_PROXY,1.0,0.0,0.0
MISALONGREEN160,phase_out,HEURISTIC_PROXY,7.0,3.0,1.0
MISALONGREEN160R,phase_out,HEURISTIC_PROXY,5.0,1.0,0.0
MISALONGREEN200,phase_out,HEURISTIC_PROXY,1.0,0.0,1.0
MISAZAK120,phase_out,HEURISTIC_PROXY,3.0,1.0,1.0
MISAZAK160,phase_out,HEURISTIC_PROXY,4.0,1.0,1.0
MISEMURGO080,phase_out,HEURISTIC_PROXY,1.0,0.0,0.0
MISEMURRED080,phase_out,HEURISTIC_PROXY,1.0,0.0,0.0
MISEMURRED140,phase_out,HEURISTIC_PROXY,1.0,0.0,0.0
MISEMURRED160,phase_out,HEURISTIC_PROXY,1.0,0.0,0.0
MISEMURRED200,phase_out,HEURISTIC_PROXY,1.0,0.0,0.0
MISHAUR080,active,HEURISTIC_PROXY,3.0,3.0,4.0
MISHAUR130,phase_out,HEURISTIC_PROXY,1.0,0.0,0.0
MITINTRY160,phase_out,HEURISTIC_PROXY,4.0,0.0,0.0
MITINTRY200,phase_out,HEURISTIC_PROXY,2.0,0.0,0.0
MIVALLER080,phase_out,HEURISTIC_PROXY,5.0,0.0,2.0
MIVALLER130,phase_out,HEURISTIC_PROXY,2.0,1.0,1.0
MIVALLER200,phase_out,HEURISTIC_PROXY,3.0,1.0,1.0
MIVALLERBE080,active,HEURISTIC_PROXY,0.0,16.0,9.0
MIVALLERBE160,active,HEURISTIC_PROXY,0.0,6.0,7.0
MIVIEVY080,phase_out,HEURISTIC_PROXY,2.0,1.0,0.0
MIWASDBE080,active,HEURISTIC_PROXY,0.0,11.0,9.0
MIWASDBE160,active,HEURISTIC_PROXY,0.0,6.0,6.0
ONALANGR160,phase_out,HEURISTIC_PROXY,1.0,0.0,0.0
ONALICEBE080,active,HEURISTIC_PROXY,3.0,12.0,8.0
ONALICEBE080250,active,HEURISTIC_PROXY,0.0,4.0,3.0
ONALICEBE120R,active,HEURISTIC_PROXY,3.0,3.0,3.0
ONALICEBE140,phase_out,HEURISTIC_PROXY,2.0,1.0,1.0
ONALICEBE160,active,HEURISTIC_PROXY,5.0,5.0,3.0
ONALICEBE160R,phase_out,HEURISTIC_PROXY,2.0,1.0,1.0
ONALICEBE180R,phase_out,HEURISTIC_PROXY,2.0,1.0,0.0
ONALICEBE250R,phase_out,HEURISTIC_PROXY,1.0,0.0,0.0
ONALICEBL080,phase_out,HEURISTIC_PROXY,9.0,3.0,0.0
ONALICEBL160,phase_out,HEURISTIC_PROXY,4.0,0.0,0.0
ONALICEGR080,active,HEURISTIC_PROXY,8.0,9.0,6.0
ONALICEGR160,active,HEURISTIC_PROXY,4.0,5.0,3.0
ONALIVE160,phase_out,HEURISTIC_PROXY,1.0,0.0,0.0
ONALLEGROMU160,phase_out,HEURISTIC_PROXY,1.0,0.0,0.0
ONAMBERGR080,active,HEURISTIC_PROXY,8.0,13.0,4.0
ONAMBERGR160,active,HEURISTIC_PROXY,3.0,7.0,3.0
ONAMENA080,phase_out,HEURISTIC_PROXY,4.0,0.0,0.0
ONAMENA160,phase_out,HEURISTIC_PROXY,1.0,0.0,0.0
ONANNEBL080,active,HEURISTIC_PROXY,5.0,9.0,5.0
ONANNEBL200,active,HEURISTIC_PROXY,7.0,9.0,4.0
ONANNEGR160,active,HEURISTIC_PROXY,1.0,2.0,3.0
ONANNEIV080,active,HEURISTIC_PROXY,5.0,10.0,9.0
ONANNEIV200,active,HEURISTIC_PROXY,5.0,7.0,3.0
ONANNEIV200R,phase_out,HEURISTIC_PROXY,2.0,1.0,1.0
ONANNEIV250,phase_out,HEURISTIC_PROXY,1.0,0.0,0.0
ONANNERED080,active,HEURISTIC_PROXY,8.0,9.0,4.0
ONARARAT080,phase_out,HEURISTIC_PROXY,3.0,1.0,1.0
ONASIRA120,phase_out,HEURISTIC_PROXY,2.0,1.0,0.0
ONASIRA160,phase_out,HEURISTIC_PROXY,4.0,1.0,0.0
ONAUTOGRAPHAG07230,phase_out,HEURISTIC_PROXY,1.0,0.0,0.0
ONAUTOGRAPHAG16200,phase_out,HEURISTIC_PROXY,1.0,0.0,0.0
ONAVANTGARDE120,phase_out,HEURISTIC_PROXY,2.0,1.0,0.0
ONAYLIN080,phase_out,HEURISTIC_PROXY,6.0,1.0,0.0
ONAYLIN160,phase_out,HEURISTIC_PROXY,1.0,0.0,0.0
ONAYLINBR160,phase_out,HEURISTIC_PROXY,1.0,0.0,0.0
ONAYLINTQ160,phase_out,HEURISTIC_PROXY,1.0,0.0,0.0
ONBONEVAL02080,phase_out,HEURISTIC_PROXY,9.0,2.0,1.0
ONBONEVAL02160,phase_out,HEURISTIC_PROXY,5.0,1.0,0.0
ONBONEVAL05080,phase_out,HEURISTIC_PROXY,8.0,3.0,1.0
ONBONEVAL05130,phase_out,HEURISTIC_PROXY,2.0,1.0,1.0
ONBONEVAL05160,phase_out,HEURISTIC_PROXY,9.0,2.0,0.0
ONBONEVAL05200,phase_out,HEURISTIC_PROXY,2.0,0.0,0.0
ONBOSTON080,phase_out,HEURISTIC_PROXY,2.0,0.0,0.0
ONBOSTON160,phase_out,HEURISTIC_PROXY,3.0,0.0,0.0
ONBROOKLYN10YE080,phase_out,HEURISTIC_PROXY,1.0,0.0,0.0
ONCHARLENEBE080,phase_out,HEURISTIC_PROXY,2.0,1.0,1.0
ONCHARLENEBE140,phase_out,HEURISTIC_PROXY,1.0,0.0,1.0
ONCHARLENEBE200,phase_out,HEURISTIC_PROXY,2.0,1.0,0.0
ONCHARLENEBL080,phase_out,HEURISTIC_PROXY,7.0,2.0,1.0
ONCHARLENEBL140,phase_out,HEURISTIC_PROXY,1.0,0.0,1.0
ONCHARLENEBL160,phase_out,HEURISTIC_PROXY,5.0,1.0,0.0
ONCHARLENEGR080,phase_out,HEURISTIC_PROXY,6.0,2.0,0.0
ONCHARLENEGR160,phase_out,HEURISTIC_PROXY,3.0,0.0,0.0
ONCOWHIDE10,phase_out,HEURISTIC_PROXY,1.0,0.0,0.0
ONCOWHIDE19,phase_out,HEURISTIC_PROXY,1.0,0.0,0.0
ONCOWHIDE23,phase_out,HEURISTIC_PROXY,1.0,0.0,0.0
ONCOWHIDE31,phase_out,HEURISTIC_PROXY,1.0,0.0,0.0
ONCOWHIDE4MP,active,HEURISTIC_PROXY,39.0,47.0,14.0
ONCOWHIDE54,phase_out,HEURISTIC_PROXY,1.0,0.0,0.0
ONDALVEEN160,phase_out,HEURISTIC_PROXY,2.0,1.0,0.0
ONDIVA04GO080,phase_out,HEURISTIC_PROXY,2.0,1.0,0.0
ONDIVA04GO120,phase_out,HEURISTIC_PROXY,1.0,0.0,0.0
ONDIVA07BE080,phase_out,HEURISTIC_PROXY,9.0,0.0,0.0
ONDIVA07BE080T,phase_out,HEURISTIC_PROXY,3.0,1.0,1.0
ONDIVA07BE120,phase_out,HEURISTIC_PROXY,2.0,0.0,1.0
ONDIVA07BE160,phase_out,HEURISTIC_PROXY,9.0,2.0,1.0
ONDIVA07BE200,phase_out,HEURISTIC_PROXY,2.0,0.0,1.0
ONDIVA08GR080,phase_out,HEURISTIC_PROXY,5.0,2.0,0.0
ONDIVA08GR120,phase_out,HEURISTIC_PROXY,2.0,0.0,0.0
ONDIVA12CR060,active,HEURISTIC_PROXY,0.0,3.0,5.0
ONDIVA12CR080,phase_out,HEURISTIC_PROXY,6.0,2.0,0.0
ONDIVA12CR080T,phase_out,HEURISTIC_PROXY,1.0,0.0,0.0
ONDIVA12CR120,phase_out,HEURISTIC_PROXY,1.0,0.0,1.0
ONDIVA12CR160,active,HEURISTIC_PROXY,8.0,4.0,4.0
ONEDINE080,phase_out,HEURISTIC_PROXY,11.0,3.0,0.0
ONESRABL080,phase_out,HEURISTIC_PROXY,2.0,1.0,0.0
ONESRABL200,phase_out,HEURISTIC_PROXY,3.0,0.0,0.0
ONESRACR140,phase_out,HEURISTIC_PROXY,1.0,0.0,0.0
ONESRACR200,phase_out,HEURISTIC_PROXY,3.0,0.0,0.0
ONESRAGR080,phase_out,HEURISTIC_PROXY,1.0,0.0,0.0
ONESRAGR160,phase_out,HEURISTIC_PROXY,1.0,0.0,0.0
ONHERMITBE060X,active,HEURISTIC_PROXY,0.0,6.0,3.0
ONHERMITBE080,phase_out,HEURISTIC_PROXY,4.0,1.0,0.0
ONHERMITBE080T,phase_out,HEURISTIC_PROXY,1.0,0.0,0.0
ONHERMITBE080X,active,HEURISTIC_PROXY,1.0,4.0,3.0
ONHERMITBE160X,active,HEURISTIC_PROXY,0.0,7.0,4.0
ONHERMITBE200,phase_out,HEURISTIC_PROXY,1.0,0.0,0.0
ONHERMITBL060,phase_out,HEURISTIC_PROXY,12.0,5.0,2.0
ONHERMITBL080,phase_out,HEURISTIC_PROXY,6.0,2.0,0.0
ONHERMITBL120,phase_out,HEURISTIC_PROXY,3.0,1.0,0.0
ONHERMITBL200,phase_out,HEURISTIC_PROXY,1.0,0.0,0.0
ONHERMITBR060,phase_out,HEURISTIC_PROXY,7.0,3.0,2.0
ONHERMITBR080,phase_out,HEURISTIC_PROXY,4.0,1.0,0.0
ONIMA080,phase_out,HEURISTIC_PROXY,2.0,1.0,0.0
ONIMA200,phase_out,HEURISTIC_PROXY,1.0,0.0,0.0
ONJOY100,phase_out,HEURISTIC_PROXY,5.0,2.0,0.0
ONJOY130,phase_out,HEURISTIC_PROXY,2.0,1.0,0.0
ONLORRENBL060,active,HEURISTIC_PROXY,3.0,6.0,5.0
ONLORRENBL080,active,HEURISTIC_PROXY,6.0,11.0,3.0
ONLORRENBL100,phase_out,HEURISTIC_PROXY,1.0,0.0,0.0
ONLORRENBL160,active,HEURISTIC_PROXY,5.0,7.0,3.0
ONLORRENBL200,phase_out,HEURISTIC_PROXY,2.0,0.0,0.0
ONLORRENBL200R,phase_out,HEURISTIC_PROXY,1.0,0.0,1.0
ONLORRENLI130,phase_out,HEURISTIC_PROXY,2.0,1.0,1.0
ONLORRENLI200,phase_out,HEURISTIC_PROXY,1.0,0.0,0.0
ONLORRENROSE060,active,HEURISTIC_PROXY,6.0,4.0,3.0
ONLORRENROSE080,phase_out,HEURISTIC_PROXY,13.0,6.0,2.0
ONLORRENROSE130,phase_out,HEURISTIC_PROXY,1.0,0.0,0.0
ONLORRENROSE200,phase_out,HEURISTIC_PROXY,2.0,0.0,1.0
ONLORRENSA060,active,HEURISTIC_PROXY,3.0,4.0,8.0
ONLORRENSA080,active,HEURISTIC_PROXY,6.0,7.0,7.0
ONLORRENSA130,phase_out,HEURISTIC_PROXY,2.0,1.0,1.0
ONLORRENSA160,active,HEURISTIC_PROXY,6.0,5.0,4.0
ONLORRENSA200R,phase_out,HEURISTIC_PROXY,1.0,0.0,1.0
ONMAHEYGR160,active,HEURISTIC_PROXY,5.0,7.0,4.0
ONMARA160,phase_out,HEURISTIC_PROXY,5.0,1.0,0.0
ONMARINERO160,phase_out,HEURISTIC_PROXY,2.0,1.0,0.0
ONMICROLBE080,phase_out,HEURISTIC_PROXY,1.0,0.0,0.0
ONMICROLBE150,phase_out,HEURISTIC_PROXY,1.0,0.0,0.0
ONMOS160,active,HEURISTIC_PROXY,0.0,0.0,3.0
ONMOS240,active,HEURISTIC_PROXY,0.0,5.0,5.0
ONMYTIKAS160,phase_out,HEURISTIC_PROXY,2.0,1.0,0.0
ONOSMANY160,phase_out,HEURISTIC_PROXY,1.0,0.0,0.0
ONPERU01080,phase_out,HEURISTIC_PROXY,1.0,0.0,0.0
ONPERU01080T,phase_out,HEURISTIC_PROXY,1.0,0.0,0.0
ONPERU01120,phase_out,HEURISTIC_PROXY,1.0,0.0,0.0
ONPERU03080,phase_out,HEURISTIC_PROXY,4.0,0.0,0.0
ONPERU03200,phase_out,HEURISTIC_PROXY,1.0,0.0,0.0
ONPERU04080,phase_out,HEURISTIC_PROXY,3.0,0.0,2.0
ONPERU04080T,phase_out,HEURISTIC_PROXY,1.0,0.0,0.0
ONPERU04120,phase_out,HEURISTIC_PROXY,1.0,0.0,0.0
ONPERU04160,phase_out,HEURISTIC_PROXY,2.0,0.0,0.0
ONPERU04200,phase_out,HEURISTIC_PROXY,1.0,0.0,0.0
ONPETRABE060,phase_out,HEURISTIC_PROXY,10.0,3.0,1.0
ONPETRABE060X,active,HEURISTIC_PROXY,0.0,2.0,4.0
ONPETRABE080,phase_out,HEURISTIC_PROXY,2.0,0.0,0.0
ONPETRABE080T,phase_out,HEURISTIC_PROXY,2.0,1.0,0.0
ONPETRABE080X,active,HEURISTIC_PROXY,0.0,5.0,3.0
ONPETRABE120,phase_out,HEURISTIC_PROXY,4.0,2.0,0.0
ONPETRABE160,phase_out,HEURISTIC_PROXY,3.0,1.0,0.0
ONPETRABE160X,active,HEURISTIC_PROXY,2.0,7.0,3.0
ONPETRABL080,phase_out,HEURISTIC_PROXY,12.0,2.0,0.0
ONPETRABL120,phase_out,HEURISTIC_PROXY,1.0,0.0,1.0
ONPETRABL160,phase_out,HEURISTIC_PROXY,10.0,1.0,1.0
ONPETRABR060X,active,HEURISTIC_PROXY,0.0,6.0,3.0
ONPETRABR080,phase_out,HEURISTIC_PROXY,10.0,4.0,0.0
ONPETRABR080T,phase_out,HEURISTIC_PROXY,1.0,0.0,0.0
ONPETRABR120,phase_out,HEURISTIC_PROXY,2.0,1.0,0.0
ONPETRABR160,phase_out,HEURISTIC_PROXY,7.0,3.0,0.0
ONPETRABR160X,active,HEURISTIC_PROXY,1.0,8.0,3.0
ONPIERRE03IV080,phase_out,HEURISTIC_PROXY,8.0,3.0,0.0
ONPIERRE03IV080T,phase_out,HEURISTIC_PROXY,1.0,0.0,0.0
ONPIERRE03IV120,phase_out,HEURISTIC_PROXY,3.0,0.0,1.0
ONPIERRE03IV160,phase_out,HEURISTIC_PROXY,9.0,2.0,1.0
ONPIERRE03IV200,phase_out,HEURISTIC_PROXY,3.0,0.0,0.0
ONPIERRE06GR080,phase_out,HEURISTIC_PROXY,3.0,0.0,0.0
ONPIERRE06GR160,phase_out,HEURISTIC_PROXY,2.0,0.0,0.0
ONPLAY130,phase_out,HEURISTIC_PROXY,2.0,1.0,1.0
ONPLAY160,phase_out,HEURISTIC_PROXY,1.0,0.0,0.0
ONSANCIABE060,active,HEURISTIC_PROXY,2.0,4.0,3.0
ONSANCIABE080,active,HEURISTIC_PROXY,4.0,8.0,6.0
ONSANCIABE120,active,HEURISTIC_PROXY,2.0,3.0,3.0
ONSANCIABE160,active,HEURISTIC_PROXY,3.0,6.0,4.0
ONSEBRA12800070,active,HEURISTIC_PROXY,11.0,6.0,11.0
ONSEBRA12800080,active,HEURISTIC_PROXY,0.0,19.0,14.0
ONSEBRA12800100,active,HEURISTIC_PROXY,6.0,7.0,4.0
ONSEBRA12800120R,phase_out,HEURISTIC_PROXY,4.0,1.0,2.0
ONSEBRA12800130,active,HEURISTIC_PROXY,11.0,8.0,5.0
ONSEBRA12800160,active,HEURISTIC_PROXY,7.0,14.0,9.0
ONSEBRA12800160OV,phase_out,HEURISTIC_PROXY,4.0,1.0,2.0
ONSEBRA12800160R,active,HEURISTIC_PROXY,6.0,4.0,4.0
ONSEBRA12800200,active,HEURISTIC_PROXY,1.0,3.0,4.0
ONSEBRA12820070,active,HEURISTIC_PROXY,18.0,11.0,5.0
ONSEBRA12820080,active,HEURISTIC_PROXY,7.0,8.0,13.0
ONSEBRA12820100,active,HEURISTIC_PROXY,6.0,2.0,3.0
ONSEBRA12820160,active,HEURISTIC_PROXY,25.0,12.0,6.0
ONSEBRA12820160OV,phase_out,HEURISTIC_PROXY,6.0,3.0,1.0
ONSEBRA12820160R,phase_out,HEURISTIC_PROXY,5.0,1.0,1.0
ONSEBRA12820200,active,HEURISTIC_PROXY,4.0,7.0,6.0
ONSEBRA12820200R,phase_out,HEURISTIC_PROXY,4.0,2.0,1.0
ONSEBRA12830070,active,HEURISTIC_PROXY,18.0,11.0,11.0
ONSEBRA12830080,active,HEURISTIC_PROXY,9.0,19.0,7.0
ONSEBRA12830120R,active,HEURISTIC_PROXY,4.0,0.0,3.0
ONSEBRA12830130,active,HEURISTIC_PROXY,10.0,5.0,5.0
ONSEBRA12830160,active,HEURISTIC_PROXY,13.0,22.0,6.0
ONSEBRA12830200,phase_out,HEURISTIC_PROXY,2.0,1.0,2.0
ONSEBRA12830200OV,phase_out,HEURISTIC_PROXY,2.0,1.0,2.0
ONSEBRA12830200R,active,HEURISTIC_PROXY,4.0,4.0,3.0
ONSEBRAANTH070,active,HEURISTIC_PROXY,0.0,1.0,3.0
ONSEBRAANTH080,active,HEURISTIC_PROXY,0.0,10.0,14.0
ONSEBRAANTH100,active,HEURISTIC_PROXY,0.0,3.0,4.0
ONSEBRAANTH120R,active,HEURISTIC_PROXY,0.0,2.0,3.0
ONSEBRAANTH130,active,HEURISTIC_PROXY,0.0,4.0,4.0
ONSEBRAANTH160,active,HEURISTIC_PROXY,0.0,2.0,13.0
ONSEBRAANTH200,active,HEURISTIC_PROXY,0.0,2.0,3.0
ONSEBRACA070,active,HEURISTIC_PROXY,0.0,5.0,11.0
ONSEBRACA100,active,HEURISTIC_PROXY,0.0,2.0,4.0
ONSEBRACA130,active,HEURISTIC_PROXY,0.0,2.0,3.0
ONSEBRACA160,active,HEURISTIC_PROXY,0.0,8.0,10.0
ONSEBRAGO080,active,HEURISTIC_PROXY,0.0,12.0,11.0
ONSEBRAGO160,active,HEURISTIC_PROXY,0.0,6.0,10.0
ONSEBRAWH080,active,HEURISTIC_PROXY,0.0,7.0,9.0
ONSEBRAWH100300,active,HEURISTIC_PROXY,0.0,6.0,6.0
ONSEBRAWH120R,active,HEURISTIC_PROXY,0.0,4.0,4.0
ONSEBRAWH160,active,HEURISTIC_PROXY,0.0,12.0,10.0
ONSEVROBE160,phase_out,HEURISTIC_PROXY,7.0,3.0,1.0
ONSTARSPI130,phase_out,HEURISTIC_PROXY,2.0,1.0,0.0
ONSYDNEYSD01070,phase_out,HEURISTIC_PROXY,5.0,2.0,0.0
ONSYDNEYSD01100,phase_out,HEURISTIC_PROXY,3.0,1.0,0.0
ONSYDNEYSD01130,phase_out,HEURISTIC_PROXY,2.0,1.0,1.0
ONSYDNEYSD02070,phase_out,HEURISTIC_PROXY,11.0,0.0,0.0
ONSYDNEYSD02100,phase_out,HEURISTIC_PROXY,4.0,2.0,2.0
ONSYDNEYSD02160,phase_out,HEURISTIC_PROXY,5.0,2.0,0.0
ONSYDNEYSD02200,active,HEURISTIC_PROXY,1.0,1.0,3.0
ONSYDNEYSD03070,phase_out,HEURISTIC_PROXY,12.0,3.0,0.0
ONSYDNEYSD03100,phase_out,HEURISTIC_PROXY,2.0,1.0,0.0
ONSYDNEYSD03160,phase_out,HEURISTIC_PROXY,10.0,3.0,0.0
ONTAMINABE080,phase_out,HEURISTIC_PROXY,8.0,3.0,0.0
ONTAMINABE160,phase_out,HEURISTIC_PROXY,6.0,1.0,0.0
ONTAMINABE200,phase_out,HEURISTIC_PROXY,2.0,0.0,0.0
ONTIANABL200,phase_out,HEURISTIC_PROXY,3.0,0.0,1.0
ONTIANAGR080,phase_out,HEURISTIC_PROXY,5.0,2.0,0.0
ONTIANAGR140,phase_out,HEURISTIC_PROXY,2.0,0.0,0.0
ONTIANAGR200,phase_out,HEURISTIC_PROXY,4.0,0.0,0.0
ONVELAR01BE080,phase_out,HEURISTIC_PROXY,5.0,0.0,0.0
ONVELAR01BE120,phase_out,HEURISTIC_PROXY,5.0,0.0,0.0
ONVELAR01BE160,phase_out,HEURISTIC_PROXY,3.0,0.0,0.0
ONVELAR02GR080,active,HEURISTIC_PROXY,3.0,0.0,4.0
ONVELAR02GR080T,active,HEURISTIC_PROXY,0.0,0.0,3.0
ONVELAR02GR120,active,HEURISTIC_PROXY,2.0,0.0,3.0
ONVELAR02GR160,active,HEURISTIC_PROXY,2.0,2.0,8.0
ONVELAR04BL080,phase_out,HEURISTIC_PROXY,6.0,0.0,1.0
ONVELAR04BL120,phase_out,HEURISTIC_PROXY,2.0,0.0,1.0
ONVELAR04BL160,phase_out,HEURISTIC_PROXY,7.0,2.0,0.0
ONVESPABE080,phase_out,HEURISTIC_PROXY,1.0,0.0,0.0
ONVESPABE160,phase_out,HEURISTIC_PROXY,3.0,0.0,0.0
ONVESPABL080,phase_out,HEURISTIC_PROXY,1.0,0.0,0.0
ONVESPAGR080,phase_out,HEURISTIC_PROXY,3.0,1.0,0.0
ONVESPAGR160,phase_out,HEURISTIC_PROXY,1.0,0.0,0.0
ONVESPAGR200,phase_out,HEURISTIC_PROXY,2.0,0.0,0.0
ONVESPAGREEN060,phase_out,HEURISTIC_PROXY,2.0,0.0,0.0
ONVESPAGREEN080,phase_out,HEURISTIC_PROXY,4.0,1.0,0.0
ONVESPAGREEN160,phase_out,HEURISTIC_PROXY,3.0,0.0,0.0
ONVESPALI060,phase_out,HEURISTIC_PROXY,2.0,0.0,0.0
ONVESPALI080,phase_out,HEURISTIC_PROXY,4.0,0.0,0.0
ONVESPALI160,phase_out,HEURISTIC_PROXY,4.0,1.0,0.0
ONVESPASA080,phase_out,HEURISTIC_PROXY,1.0,0.0,0.0
ONWARP080,active,HEURISTIC_PROXY,4.0,2.0,3.0
ONWARP080T,phase_out,HEURISTIC_PROXY,2.0,1.0,1.0
ONWARP120,phase_out,HEURISTIC_PROXY,2.0,1.0,1.0
ONWARP160,phase_out,HEURISTIC_PROXY,9.0,1.0,1.0
ONWARP200,phase_out,HEURISTIC_PROXY,1.0,0.0,2.0
ONWARP240,phase_out,HEURISTIC_PROXY,1.0,0.0,1.0
ONWESTBL060,phase_out,HEURISTIC_PROXY,12.0,4.0,1.0
ONWESTBL080,phase_out,HEURISTIC_PROXY,13.0,5.0,0.0
ONWESTBL120,phase_out,HEURISTIC_PROXY,6.0,1.0,0.0
ONWESTBL160,phase_out,HEURISTIC_PROXY,9.0,4.0,0.0
ONWESTBL200,phase_out,HEURISTIC_PROXY,3.0,1.0,0.0
ONWESTBR060,active,HEURISTIC_PROXY,12.0,7.0,8.0
ONWESTBR080,active,HEURISTIC_PROXY,3.0,10.0,13.0
ONWESTBR120,active,HEURISTIC_PROXY,4.0,5.0,4.0
ONWESTBR160,active,HEURISTIC_PROXY,23.0,20.0,4.0
ONWESTBR200,active,HEURISTIC_PROXY,7.0,7.0,3.0
ONWESTCA060,active,HEURISTIC_PROXY,0.0,7.0,7.0
ONWESTCA080,active,HEURISTIC_PROXY,0.0,13.0,13.0
ONWESTCA130,active,HEURISTIC_PROXY,0.0,4.0,4.0
ONWESTCA160,active,HEURISTIC_PROXY,0.0,9.0,9.0
ONWESTGO060,active,HEURISTIC_PROXY,0.0,9.0,9.0
ONWESTGO080,active,HEURISTIC_PROXY,0.0,13.0,13.0
ONWESTGO130,active,HEURISTIC_PROXY,0.0,3.0,3.0
ONWESTGO160,active,HEURISTIC_PROXY,0.0,10.0,10.0
ONWESTGRI060,active,HEURISTIC_PROXY,17.0,8.0,8.0
ONWESTGRI080,active,HEURISTIC_PROXY,5.0,14.0,10.0
ONWESTGRI080T,active,HEURISTIC_PROXY,1.0,1.0,3.0
ONWESTGRI120,phase_out,HEURISTIC_PROXY,7.0,2.0,1.0
ONWESTIV060,active,HEURISTIC_PROXY,14.0,18.0,14.0
ONWESTIV080,active,HEURISTIC_PROXY,16.0,15.0,7.0
ONWESTIV080T,active,HEURISTIC_PROXY,3.0,0.0,3.0
ONWESTIV120,phase_out,HEURISTIC_PROXY,7.0,1.0,1.0
ONWESTIV130,active,HEURISTIC_PROXY,0.0,3.0,3.0
ONWESTIV160,active,HEURISTIC_PROXY,15.0,21.0,4.0
ONWESTLI060,phase_out,HEURISTIC_PROXY,5.0,0.0,0.0
ONWESTLI080,phase_out,HEURISTIC_PROXY,24.0,2.0,0.0
ONWESTLI080T,phase_out,HEURISTIC_PROXY,7.0,3.0,2.0
ONWESTLI120,phase_out,HEURISTIC_PROXY,4.0,1.0,0.0
ONWESTSI060,active,HEURISTIC_PROXY,0.0,7.0,7.0
ONWESTSI080,active,HEURISTIC_PROXY,0.0,13.0,13.0
ONWESTSI130,active,HEURISTIC_PROXY,0.0,3.0,3.0
ONWESTSI160,active,HEURISTIC_PROXY,0.0,9.0,9.0
ONWESTTQ060,active,HEURISTIC_PROXY,17.0,13.0,3.0
ONWESTTQ080,active,HEURISTIC_PROXY,19.0,7.0,4.0
ONWESTTQ080T,phase_out,HEURISTIC_PROXY,4.0,2.0,1.0
ONWESTTQ120,phase_out,HEURISTIC_PROXY,6.0,3.0,1.0
ONWESTTQ240,phase_out,HEURISTIC_PROXY,1.0,0.0,0.0
ONWESTTQ300,phase_out,HEURISTIC_PROXY,1.0,0.0,0.0
ONYUSEL160,phase_out,HEURISTIC_PROXY,1.0,0.0,0.0
OPBELLEEB160,phase_out,HEURISTIC_PROXY,1.0,0.0,0.0
OPBELLESI200,phase_out,HEURISTIC_PROXY,4.0,0.0,0.0
OPCADENCE080,active,HEURISTIC_PROXY,10.0,6.0,3.0
OPCADENCE250,phase_out,HEURISTIC_PROXY,1.0,0.0,0.0
OPHALSTON080,phase_out,HEURISTIC_PROXY,7.0,1.0,0.0
OPHALSTON160,phase_out,HEURISTIC_PROXY,4.0,0.0,1.0
OPJAIME080,phase_out,HEURISTIC_PROXY,9.0,3.0,1.0
OPJAIME130,phase_out,HEURISTIC_PROXY,1.0,0.0,0.0
OPLUXENA160,phase_out,HEURISTIC_PROXY,1.0,0.0,0.0
OPMARBLEGR160,phase_out,HEURISTIC_PROXY,1.0,0.0,0.0
OPPABLO080,phase_out,HEURISTIC_PROXY,10.0,4.0,2.0
OPPABLO130,phase_out,HEURISTIC_PROXY,1.0,0.0,0.0
OPPABLO160,phase_out,HEURISTIC_PROXY,7.0,2.0,1.0
OPPARMA080T,phase_out,HEURISTIC_PROXY,1.0,0.0,0.0
OPPARMA120R,phase_out,HEURISTIC_PROXY,3.0,1.0,0.0
OPPARMA130,phase_out,HEURISTIC_PROXY,2.0,1.0,0.0
OPPARMABL160,phase_out,HEURISTIC_PROXY,3.0,1.0,0.0
OPPARMABL300,phase_out,HEURISTIC_PROXY,1.0,0.0,0.0
OPPARMACO160,phase_out,HEURISTIC_PROXY,2.0,1.0,0.0
OPPARMACO200,phase_out,HEURISTIC_PROXY,2.0,1.0,0.0
OPPARMAGO130,phase_out,HEURISTIC_PROXY,2.0,1.0,0.0
OPPARMAGO160,phase_out,HEURISTIC_PROXY,5.0,2.0,0.0
OPPARMAPI080,phase_out,HEURISTIC_PROXY,4.0,2.0,0.0
OPPARMAPI160,phase_out,HEURISTIC_PROXY,6.0,3.0,0.0
OPPARMAPI200,phase_out,HEURISTIC_PROXY,1.0,0.0,0.0
OPPARMASI080,phase_out,HEURISTIC_PROXY,9.0,3.0,0.0
OPPARMASI160R,phase_out,HEURISTIC_PROXY,2.0,1.0,0.0
OPPOSSINIBE080,phase_out,HEURISTIC_PROXY,2.0,0.0,1.0
OPPOSSINIBE130,phase_out,HEURISTIC_PROXY,1.0,0.0,1.0
OPPOSSINIBE160,phase_out,HEURISTIC_PROXY,5.0,2.0,0.0
OPPOSSINIBL080,phase_out,HEURISTIC_PROXY,9.0,4.0,2.0
OPPOSSINIBL130,phase_out,HEURISTIC_PROXY,1.0,0.0,0.0
OPPOSSINIBL160,phase_out,HEURISTIC_PROXY,6.0,0.0,0.0
OPREINA160,phase_out,HEURISTIC_PROXY,3.0,0.0,0.0
OPRENEE080,phase_out,HEURISTIC_PROXY,9.0,3.0,1.0
OPRENEE130,phase_out,HEURISTIC_PROXY,1.0,0.0,1.0
OPRENEE160,phase_out,HEURISTIC_PROXY,7.0,2.0,2.0
OPRENEE200,phase_out,HEURISTIC_PROXY,1.0,0.0,2.0
OPRORY080,active,HEURISTIC_PROXY,9.0,4.0,3.0
OPRORY130,phase_out,HEURISTIC_PROXY,1.0,0.0,0.0
OPRORY160,phase_out,HEURISTIC_PROXY,7.0,1.0,1.0
OPROXANNE080,phase_out,HEURISTIC_PROXY,7.0,1.0,1.0
OPROXANNE130,phase_out,HEURISTIC_PROXY,1.0,0.0,0.0
OPROXANNE160,phase_out,HEURISTIC_PROXY,2.0,0.0,0.0
OPROXANNE200,phase_out,HEURISTIC_PROXY,1.0,0.0,0.0
OPRYANBE080,active,HEURISTIC_PROXY,8.0,4.0,3.0
OPRYANBE130,phase_out,HEURISTIC_PROXY,1.0,0.0,2.0
OPRYANBE200,phase_out,HEURISTIC_PROXY,1.0,0.0,0.0
OPRYANGR080,active,HEURISTIC_PROXY,9.0,3.0,4.0
OPRYANGR130,phase_out,HEURISTIC_PROXY,2.0,1.0,0.0
OPRYANGR160,phase_out,HEURISTIC_PROXY,8.0,4.0,0.0
OPSHINEBL160,phase_out,HEURISTIC_PROXY,2.0,1.0,0.0
OPTIMELESSBE160,phase_out,HEURISTIC_PROXY,2.0,1.0,0.0
OPTIMELESSBE200,phase_out,HEURISTIC_PROXY,1.0,0.0,0.0
OPTIMELESSIN130,phase_out,HEURISTIC_PROXY,1.0,0.0,0.0
OSABBAS080,phase_out,HEURISTIC_PROXY,12.0,6.0,1.0
OSABBAS135,phase_out,HEURISTIC_PROXY,2.0,1.0,1.0
OSABBYBL080,phase_out,HEURISTIC_PROXY,5.0,1.0,0.0
OSABBYBL135,phase_out,HEURISTIC_PROXY,2.0,0.0,0.0
OSABBYBR135,phase_out,HEURISTIC_PROXY,1.0,0.0,0.0
OSABBYBR160,phase_out,HEURISTIC_PROXY,2.0,0.0,0.0
OSAFTERGLOW080,active,HEURISTIC_PROXY,8.0,7.0,4.0
OSAFTERGLOW135,active,HEURISTIC_PROXY,0.0,0.0,14.0
OSAFTERGLOW160,active,HEURISTIC_PROXY,6.0,4.0,6.0
OSAFTERGLOWPI080,active,HEURISTIC_PROXY,9.0,9.0,5.0
OSAFTERGLOWPI135,phase_out,HEURISTIC_PROXY,2.0,1.0,1.0
OSAFTERGLOWPI200,phase_out,HEURISTIC_PROXY,1.0,0.0,0.0
OSALASKABE160,phase_out,HEURISTIC_PROXY,2.0,0.0,0.0
OSALBA01IV080,active,HEURISTIC_PROXY,9.0,11.0,3.0
OSALBA01IV135,phase_out,HEURISTIC_PROXY,4.0,1.0,0.0
OSALBA01IV160,phase_out,HEURISTIC_PROXY,5.0,2.0,1.0
OSALBA01IV200,phase_out,HEURISTIC_PROXY,2.0,1.0,0.0
OSALBA05GR200,phase_out,HEURISTIC_PROXY,1.0,0.0,0.0
OSALBA09IV135,phase_out,HEURISTIC_PROXY,2.0,1.0,0.0
OSARMINBE080,phase_out,HEURISTIC_PROXY,10.0,3.0,0.0
OSARMINBE135,phase_out,HEURISTIC_PROXY,2.0,1.0,0.0
OSARMINBE160,phase_out,HEURISTIC_PROXY,7.0,2.0,2.0
OSARMINGR080,phase_out,HEURISTIC_PROXY,11.0,2.0,0.0
OSARMINGR135,phase_out,HEURISTIC_PROXY,2.0,0.0,0.0
OSARMINGR160,phase_out,HEURISTIC_PROXY,6.0,1.0,0.0
OSARMINGR200,phase_out,HEURISTIC_PROXY,1.0,0.0,0.0
OSBLOOM991080,phase_out,HEURISTIC_PROXY,3.0,1.0,0.0
OSBLOOM991200,phase_out,HEURISTIC_PROXY,2.0,1.0,0.0
OSCONTOURBL135,phase_out,HEURISTIC_PROXY,1.0,0.0,0.0
OSCONTOURWH080,phase_out,HEURISTIC_PROXY,4.0,2.0,0.0
OSCONTOURWH200,phase_out,HEURISTIC_PROXY,1.0,0.0,0.0
OSDIAMOND7216100085,active,HEURISTIC_PROXY,4.0,6.0,4.0
OSDIAMOND72201901085,active,HEURISTIC_PROXY,0.0,4.0,6.0
OSDIAMOND72201901160,active,HEURISTIC_PROXY,0.0,2.0,4.0
OSDIAMOND7244104085,active,HEURISTIC_PROXY,0.0,5.0,4.0
OSDIAMOND7244104160,active,HEURISTIC_PROXY,0.0,2.0,4.0
OSDIAMOND7252100085,active,HEURISTIC_PROXY,8.0,9.0,3.0
OSDJOBIE500085,phase_out,HEURISTIC_PROXY,1.0,0.0,0.0
OSDUKEBE080,phase_out,HEURISTIC_PROXY,1.0,0.0,0.0
OSDUKEBE135,phase_out,HEURISTIC_PROXY,2.0,1.0,0.0
OSDUKEBE160,phase_out,HEURISTIC_PROXY,1.0,0.0,0.0
OSDUKEBE200,phase_out,HEURISTIC_PROXY,1.0,0.0,0.0
OSDUKEMU080,phase_out,HEURISTIC_PROXY,2.0,1.0,1.0
OSDUKEMU135,phase_out,HEURISTIC_PROXY,1.0,0.0,0.0
OSDUKEMU160,phase_out,HEURISTIC_PROXY,2.0,0.0,0.0
OSDUKEMU200,phase_out,HEURISTIC_PROXY,2.0,1.0,1.0
OSDUKERED080,phase_out,HEURISTIC_PROXY,4.0,1.0,2.0
OSDUKERED135,phase_out,HEURISTIC_PROXY,1.0,0.0,0.0
OSDUKERED160,phase_out,HEURISTIC_PROXY,3.0,1.0,0.0
OSDUKERED200,phase_out,HEURISTIC_PROXY,2.0,0.0,0.0
OSFACES160,phase_out,HEURISTIC_PROXY,1.0,0.0,0.0
OSFLUXBE080,phase_out,HEURISTIC_PROXY,2.0,0.0,0.0
OSFLUXBE160,phase_out,HEURISTIC_PROXY,1.0,0.0,0.0
OSFLUXBL080,phase_out,HEURISTIC_PROXY,4.0,1.0,2.0
OSFLUXBL160,phase_out,HEURISTIC_PROXY,1.0,0.0,0.0
OSGIVBE080,active,HEURISTIC_PROXY,9.0,12.0,4.0
OSGIVBE080T,phase_out,HEURISTIC_PROXY,2.0,1.0,0.0
OSGIVBE120R,phase_out,HEURISTIC_PROXY,3.0,0.0,0.0
OSGIVBE160,active,HEURISTIC_PROXY,5.0,6.0,5.0
OSGIVBE160OV,phase_out,HEURISTIC_PROXY,1.0,0.0,0.0
OSGIVBE160R,phase_out,HEURISTIC_PROXY,4.0,1.0,0.0
OSGIVBE200R,phase_out,HEURISTIC_PROXY,2.0,1.0,0.0
OSGIVBR080T,phase_out,HEURISTIC_PROXY,2.0,0.0,0.0
OSGIVBR200R,phase_out,HEURISTIC_PROXY,2.0,1.0,0.0
OSGIVIV080,active,HEURISTIC_PROXY,11.0,10.0,4.0
OSGIVIV120R,phase_out,HEURISTIC_PROXY,1.0,0.0,0.0
OSGIVIV135,phase_out,HEURISTIC_PROXY,2.0,1.0,1.0
OSGIVIV160,active,HEURISTIC_PROXY,6.0,6.0,4.0
OSGIVIV200R,phase_out,HEURISTIC_PROXY,2.0,1.0,0.0
OSHARMONY225100160,phase_out,HEURISTIC_PROXY,1.0,0.0,0.0
OSHARMONY225100200,phase_out,HEURISTIC_PROXY,2.0,1.0,0.0
OSHARMONY225300160,phase_out,HEURISTIC_PROXY,1.0,0.0,0.0
OSHUSKBE060,active,HEURISTIC_PROXY,3.0,2.0,3.0
OSHUSKBE080,phase_out,HEURISTIC_PROXY,2.0,1.0,0.0
OSHUSKBE160,phase_out,HEURISTIC_PROXY,12.0,2.0,0.0
OSHUSKGR200,phase_out,HEURISTIC_PROXY,3.0,1.0,0.0
OSHUSKRU135,phase_out,HEURISTIC_PROXY,1.0,0.0,0.0
OSJOSEFYE135,phase_out,HEURISTIC_PROXY,1.0,0.0,0.0
OSJOSEFYE160,phase_out,HEURISTIC_PROXY,2.0,0.0,0.0
OSJOY990080,phase_out,HEURISTIC_PROXY,1.0,0.0,0.0
OSJOYBL160,phase_out,HEURISTIC_PROXY,1.0,0.0,0.0
OSJOYPI160,phase_out,HEURISTIC_PROXY,2.0,1.0,0.0
OSKARIM080,active,HEURISTIC_PROXY,14.0,4.0,3.0
OSKASHQAI4301401080,active,HEURISTIC_PROXY,3.0,5.0,5.0
OSKASHQAI4301501080,active,HEURISTIC_PROXY,14.0,10.0,5.0
OSKASHQAI4301501160,active,HEURISTIC_PROXY,4.0,6.0,3.0
OSKASHQAI4328401080,active,HEURISTIC_PROXY,3.0,8.0,6.0
OSKASHQAI4355500160,active,HEURISTIC_PROXY,3.0,4.0,3.0
OSKASHQAI4355500200,phase_out,HEURISTIC_PROXY,1.0,0.0,1.0
OSKASHQAI4378300160,active,HEURISTIC_PROXY,3.0,6.0,3.0
OSMINA160,phase_out,HEURISTIC_PROXY,4.0,1.0,0.0
OSMINA200,phase_out,HEURISTIC_PROXY,2.0,0.0,0.0
OSMIREILLEBR080,active,HEURISTIC_PROXY,2.0,10.0,9.0
OSMIREILLEBR160,phase_out,HEURISTIC_PROXY,2.0,0.0,1.0
OSMIREILLEGO080,active,HEURISTIC_PROXY,0.0,9.0,6.0
OSMIREILLEGO160,phase_out,HEURISTIC_PROXY,2.0,1.0,1.0
OSMIREILLEGR080,active,HEURISTIC_PROXY,0.0,4.0,4.0
OSMIREILLEGR200,phase_out,HEURISTIC_PROXY,1.0,0.0,0.0
OSNATIVEBE200,phase_out,HEURISTIC_PROXY,1.0,0.0,0.0
OSNISABL080,phase_out,HEURISTIC_PROXY,1.0,0.0,1.0
OSNISAGR080,phase_out,HEURISTIC_PROXY,3.0,1.0,1.0
OSNISAGR160,phase_out,HEURISTIC_PROXY,2.0,0.0,0.0
OSNISAYE135,phase_out,HEURISTIC_PROXY,1.0,0.0,0.0
OSNOVA11900080,phase_out,HEURISTIC_PROXY,2.0,1.0,0.0
OSNOVAMU135,phase_out,HEURISTIC_PROXY,2.0,0.0,0.0
OSNOVAMU160,phase_out,HEURISTIC_PROXY,3.0,1.0,0.0
OSNOVAMU200,phase_out,HEURISTIC_PROXY,1.0,0.0,0.0
OSOREABE170,phase_out,HEURISTIC_PROXY,5.0,2.0,1.0
OSOREABE200,phase_out,HEURISTIC_PROXY,1.0,0.0,0.0
OSOREABL140,phase_out,HEURISTIC_PROXY,2.0,1.0,1.0
OSOREABL170,phase_out,HEURISTIC_PROXY,5.0,1.0,1.0
OSOREABL200,phase_out,HEURISTIC_PROXY,1.0,0.0,0.0
OSOREAGREEN140,phase_out,HEURISTIC_PROXY,2.0,1.0,1.0
OSOREAGREEN170,phase_out,HEURISTIC_PROXY,3.0,1.0,1.0
OSOREAGREEN200,phase_out,HEURISTIC_PROXY,1.0,0.0,0.0
OSPATINA50041022135,phase_out,HEURISTIC_PROXY,1.0,0.0,0.0
OSPHYTON160,phase_out,HEURISTIC_PROXY,1.0,0.0,0.0
OSPIAZZOCR080,phase_out,HEURISTIC_PROXY,2.0,0.0,0.0
OSPIAZZOCR160,phase_out,HEURISTIC_PROXY,1.0,0.0,0.0
OSPIAZZOCR200,phase_out,HEURISTIC_PROXY,2.0,0.0,0.0
OSPIAZZOGR135,phase_out,HEURISTIC_PROXY,3.0,1.0,0.0
OSPIAZZOGR160,phase_out,HEURISTIC_PROXY,1.0,0.0,0.0
OSPLAY184135,phase_out,HEURISTIC_PROXY,2.0,1.0,0.0
OSPLAY185135,phase_out,HEURISTIC_PROXY,2.0,1.0,0.0
OSPLAY194135,phase_out,HEURISTIC_PROXY,1.0,0.0,0.0
OSPRISMABL080,phase_out,HEURISTIC_PROXY,3.0,1.0,0.0
OSPRISMABR080,phase_out,HEURISTIC_PROXY,4.0,1.0,1.0
OSPRISMABR135,phase_out,HEURISTIC_PROXY,1.0,0.0,0.0
OSPRISMABR160,phase_out,HEURISTIC_PROXY,4.0,1.0,0.0
OSPRISMAPI080,phase_out,HEURISTIC_PROXY,2.0,1.0,0.0
OSPRISMAPI160,phase_out,HEURISTIC_PROXY,2.0,1.0,0.0
OSRADIANCE300160,phase_out,HEURISTIC_PROXY,1.0,0.0,0.0
OSRANADO135,phase_out,HEURISTIC_PROXY,1.0,0.0,0.0
OSRAP13104080,phase_out,HEURISTIC_PROXY,3.0,0.0,0.0
OSROCKS080,phase_out,HEURISTIC_PROXY,1.0,0.0,0.0
OSROCKS160,phase_out,HEURISTIC_PROXY,1.0,0.0,0.0
OSSAFAMU080,active,HEURISTIC_PROXY,7.0,11.0,8.0
OSSAFAMU160,active,HEURISTIC_PROXY,2.0,10.0,3.0
OSSAHELBE080T,phase_out,HEURISTIC_PROXY,1.0,0.0,1.0
OSSAHELBE135,phase_out,HEURISTIC_PROXY,1.0,0.0,0.0
OSSAHELBE160,phase_out,HEURISTIC_PROXY,8.0,3.0,1.0
OSSOLMA080,active,HEURISTIC_PROXY,10.0,4.0,3.0
OSSOLMA135,phase_out,HEURISTIC_PROXY,1.0,0.0,1.0
OSSOLMA160,phase_out,HEURISTIC_PROXY,8.0,2.0,0.0
OSSOLMA200,phase_out,HEURISTIC_PROXY,1.0,0.0,0.0
OSTAGORE080,phase_out,HEURISTIC_PROXY,5.0,2.0,0.0
OSTAGORE200,phase_out,HEURISTIC_PROXY,2.0,1.0,0.0
OSVIDAMU080,phase_out,HEURISTIC_PROXY,10.0,3.0,1.0
OSVIDAMU135,phase_out,HEURISTIC_PROXY,1.0,0.0,0.0
OSVIDAMU160,phase_out,HEURISTIC_PROXY,5.0,1.0,2.0
OSVIDAMU200,phase_out,HEURISTIC_PROXY,2.0,0.0,0.0
OSVIVIDEW700125,phase_out,HEURISTIC_PROXY,1.0,0.0,0.0
OSVIVIDRU160,phase_out,HEURISTIC_PROXY,1.0,0.0,0.0
OUTA120060,active,HEURISTIC_PROXY,0.0,7.0,13.0
OUTALLEGRO100140,phase_out,HEURISTIC_PROXY,2.0,0.0,1.0
OUTALLEGRO100160,phase_out,HEURISTIC_PROXY,3.0,0.0,0.0
OUTALLEGRO101140,phase_out,HEURISTIC_PROXY,1.0,0.0,0.0
OUTALLEGRO101160,phase_out,HEURISTIC_PROXY,2.0,0.0,0.0
OUTALLEGRO10180,phase_out,HEURISTIC_PROXY,1.0,0.0,0.0
OUTALLEGRO120160,phase_out,HEURISTIC_PROXY,2.0,0.0,0.0
OUTALLEGRO123130,phase_out,HEURISTIC_PROXY,4.0,0.0,0.0
OUTALLEGRO125130,phase_out,HEURISTIC_PROXY,3.0,0.0,0.0
OUTALLEGRO125160,phase_out,HEURISTIC_PROXY,1.0,0.0,0.0
OUTALLEGRO126080,phase_out,HEURISTIC_PROXY,3.0,0.0,0.0
OUTALLEGRO126080T,phase_out,HEURISTIC_PROXY,3.0,1.0,0.0
OUTALLEGRO127080T,phase_out,HEURISTIC_PROXY,1.0,0.0,0.0
OUTALLEGRO128160,phase_out,HEURISTIC_PROXY,2.0,0.0,0.0
OUTALLEGRO20080,active,HEURISTIC_PROXY,0.0,14.0,14.0
OUTALLEGRO24080,active,HEURISTIC_PROXY,0.0,14.0,14.0
OUTALLEGRO92080,active,HEURISTIC_PROXY,0.0,14.0,14.0
OUTALLEGROROAD120,phase_out,HEURISTIC_PROXY,1.0,0.0,0.0
OUTALLUREBE080,active,HEURISTIC_PROXY,0.0,2.0,3.0
OUTALLUREBL080,active,HEURISTIC_PROXY,0.0,3.0,3.0
OUTCOSYGO060,active,HEURISTIC_PROXY,0.0,2.0,4.0
OUTCOSYGR060,active,HEURISTIC_PROXY,2.0,3.0,3.0
OUTCOSYGR080,active,HEURISTIC_PROXY,2.0,2.0,4.0
OUTCOSYLGR080,phase_out,HEURISTIC_PROXY,2.0,1.0,1.0
OUTCOSYLGR160,phase_out,HEURISTIC_PROXY,2.0,0.0,0.0
OUTCOSYPI080,phase_out,HEURISTIC_PROXY,2.0,1.0,1.0
OUTCOSYWH060,active,HEURISTIC_PROXY,2.0,1.0,4.0
OUTCOSYWH080,active,HEURISTIC_PROXY,2.0,7.0,3.0
OUTCOSYWH160,phase_out,HEURISTIC_PROXY,2.0,1.0,1.0
OUTCOTTONNAT080,active,HEURISTIC_PROXY,0.0,0.0,3.0
OUTE116060,active,HEURISTIC_PROXY,5.0,4.0,3.0
OUTE119060,phase_out,HEURISTIC_PROXY,5.0,0.0,0.0
OUTELEMENTSCR080,active,HEURISTIC_PROXY,0.0,1.0,3.0
OUTEZRADGR060,active,HEURISTIC_PROXY,14.0,8.0,10.0
OUTEZRADGR080,active,HEURISTIC_PROXY,9.0,14.0,11.0
OUTEZRADGR120,phase_out,HEURISTIC_PROXY,5.0,1.0,1.0
OUTEZRAWH060,active,HEURISTIC_PROXY,0.0,0.0,10.0
OUTEZRAWH080,active,HEURISTIC_PROXY,8.0,4.0,6.0
OUTEZRAWH120,phase_out,HEURISTIC_PROXY,2.0,0.0,1.0
OUTEZRAWH160,phase_out,HEURISTIC_PROXY,2.0,1.0,0.0
OUTFLORENCE6015BL060,active,HEURISTIC_PROXY,9.0,5.0,3.0
OUTFLORENCE6015BL080,active,HEURISTIC_PROXY,9.0,16.0,6.0
OUTFLORENCE6015BL160,active,HEURISTIC_PROXY,6.0,4.0,4.0
OUTFLORENCE6015GO060,active,HEURISTIC_PROXY,12.0,6.0,5.0
OUTFLORENCE6015GO080,active,HEURISTIC_PROXY,9.0,21.0,13.0
OUTFLORENCE6015GO140,phase_out,HEURISTIC_PROXY,3.0,0.0,1.0
OUTFLORENCE6015GO160,active,HEURISTIC_PROXY,8.0,5.0,4.0
OUTFLORENCE6015GO200,active,HEURISTIC_PROXY,2.0,5.0,3.0
OUTFLORENCE6015GR060,active,HEURISTIC_PROXY,15.0,6.0,3.0
OUTFLORENCE6015GR080,active,HEURISTIC_PROXY,10.0,21.0,11.0
OUTFLORENCE6015GR160,active,HEURISTIC_PROXY,7.0,5.0,3.0
OUTFLORENCE6015GR200,active,HEURISTIC_PROXY,0.0,6.0,5.0
OUTFLORENCE6015LI060,active,HEURISTIC_PROXY,10.0,7.0,3.0
OUTFLORENCE6015LI080,active,HEURISTIC_PROXY,12.0,27.0,12.0
OUTFLORENCE6015LI160,active,HEURISTIC_PROXY,6.0,10.0,3.0
OUTFLORENCE6015LI200,active,HEURISTIC_PROXY,2.0,7.0,6.0
OUTFLORENCE6015VI060,active,HEURISTIC_PROXY,13.0,6.0,4.0
OUTFLORENCE6015VI080,active,HEURISTIC_PROXY,12.0,18.0,12.0
OUTFLORENCE6015VI140,active,HEURISTIC_PROXY,3.0,2.0,5.0
OUTFLORENCE6015VI160,active,HEURISTIC_PROXY,10.0,6.0,8.0
OUTFLORENCE6770BL060,active,HEURISTIC_PROXY,12.0,1.0,3.0
OUTFLORENCE6770BL080,active,HEURISTIC_PROXY,15.0,11.0,7.0
OUTFLORENCE6770BL160,phase_out,HEURISTIC_PROXY,9.0,0.0,0.0
OUTFLORENCE6770GO060,active,HEURISTIC_PROXY,11.0,2.0,6.0
OUTFLORENCE6770GO080,active,HEURISTIC_PROXY,16.0,14.0,3.0
OUTFLORENCE6770GO160,active,HEURISTIC_PROXY,10.0,7.0,4.0
OUTFLORENCE6770GO200,phase_out,HEURISTIC_PROXY,3.0,1.0,2.0
OUTFLORENCE6770GR060,active,HEURISTIC_PROXY,22.0,7.0,5.0
OUTFLORENCE6770GR140,phase_out,HEURISTIC_PROXY,3.0,1.0,1.0
OUTFLORENCE6770GR160,phase_out,HEURISTIC_PROXY,10.0,0.0,0.0
OUTFLORENCE6770GR200,active,HEURISTIC_PROXY,0.0,5.0,5.0
OUTFLORENCE6770LI060,active,HEURISTIC_PROXY,12.0,5.0,9.0
OUTFLORENCE6770LI080,active,HEURISTIC_PROXY,18.0,14.0,5.0
OUTFLORENCE6770LI160,active,HEURISTIC_PROXY,10.0,6.0,4.0
OUTFLORENCE6770LI200,active,HEURISTIC_PROXY,0.0,6.0,6.0
OUTFLORENCE6770VI060,active,HEURISTIC_PROXY,11.0,2.0,3.0
OUTFLORENCE6770VI080,phase_out,HEURISTIC_PROXY,12.0,3.0,0.0
OUTFLORENCE6770VI140,phase_out,HEURISTIC_PROXY,2.0,0.0,1.0
OUTFLORENCE6770VI160,phase_out,HEURISTIC_PROXY,13.0,0.0,1.0
OUTFLORENCE6770VI200,phase_out,HEURISTIC_PROXY,1.0,0.0,1.0
OUTLAGOSLG05120,active,HEURISTIC_PROXY,0.0,7.0,7.0
OUTLAGOSLG05160,active,HEURISTIC_PROXY,0.0,9.0,9.0
OUTLILYYE050,phase_out,HEURISTIC_PROXY,1.0,0.0,0.0
OUTMAVIRABE060,active,HEURISTIC_PROXY,9.0,9.0,5.0
OUTMAVIRABE080,active,HEURISTIC_PROXY,6.0,7.0,4.0
OUTMAVIRADGR060,active,HEURISTIC_PROXY,8.0,13.0,11.0
OUTMAVIRADGR080,active,HEURISTIC_PROXY,7.0,15.0,5.0
OUTMAVIRAGO060,active,HEURISTIC_PROXY,5.0,11.0,4.0
OUTMAVIRAGO080,active,HEURISTIC_PROXY,9.0,17.0,5.0
OUTMAVIRAIV060,active,HEURISTIC_PROXY,0.0,9.0,3.0
OUTMAVIRAIV080,active,HEURISTIC_PROXY,3.0,9.0,4.0
OUTMAVIRAIV160,phase_out,HEURISTIC_PROXY,2.0,0.0,0.0
OUTMAVIRALGR060,active,HEURISTIC_PROXY,6.0,15.0,6.0
OUTMAVIRALGR080,active,HEURISTIC_PROXY,7.0,14.0,5.0
OUTMAVIRATQ060,active,HEURISTIC_PROXY,7.0,12.0,5.0
OUTMAVIRATQ080,active,HEURISTIC_PROXY,7.0,14.0,5.0
OUTMODERNSOFT4191GR160,phase_out,HEURISTIC_PROXY,1.0,0.0,0.0
OUTMODERNSOFT4329GR080,phase_out,HEURISTIC_PROXY,2.0,0.0,0.0
OUTMODERNSOFT4701PI080,phase_out,HEURISTIC_PROXY,1.0,0.0,0.0
OUTMOLACO060,phase_out,HEURISTIC_PROXY,1.0,0.0,0.0
OUTMYSTIQUEGO080,phase_out,HEURISTIC_PROXY,1.0,0.0,0.0
OUTOMEGA900GR057,active,HEURISTIC_PROXY,0.0,15.0,15.0
OUTOMEGA900GR125,active,HEURISTIC_PROXY,0.0,3.0,3.0
OUTOMEGA901BE057,active,HEURISTIC_PROXY,0.0,14.0,14.0
OUTOMEGA902WHGR057,active,HEURISTIC_PROXY,0.0,9.0,9.0
OUTOMEGA902WHGR125,active,HEURISTIC_PROXY,0.0,3.0,3.0
OUTORIANA6185GO080,active,HEURISTIC_PROXY,0.0,0.0,3.0
OUTORIANA6340GR080,active,HEURISTIC_PROXY,0.0,2.0,3.0
OUTORIANALI080,phase_out,HEURISTIC_PROXY,2.0,0.0,0.0
OUTPACI05BLU060,active,HEURISTIC_PROXY,2.0,10.0,6.0
OUTPACI05BLU080,active,HEURISTIC_PROXY,9.0,8.0,4.0
OUTPACI05BLU140,phase_out,HEURISTIC_PROXY,3.0,0.0,2.0
OUTPACI05BLU160,active,HEURISTIC_PROXY,4.0,4.0,5.0
OUTPACI05BLU200,active,HEURISTIC_PROXY,0.0,6.0,6.0
OUTPACI05GLB060,active,HEURISTIC_PROXY,1.0,6.0,5.0
OUTPACI05GLB080,active,HEURISTIC_PROXY,3.0,4.0,5.0
OUTPACI05GLB140,phase_out,HEURISTIC_PROXY,2.0,1.0,1.0
OUTPACI05GLB160,active,HEURISTIC_PROXY,3.0,6.0,4.0
OUTPACI05GLB200,active,HEURISTIC_PROXY,0.0,6.0,6.0
OUTPACI05GRI060,active,HEURISTIC_PROXY,1.0,2.0,6.0
OUTPACI05GRI080,active,HEURISTIC_PROXY,4.0,7.0,4.0
OUTPACI05GRI160,active,HEURISTIC_PROXY,3.0,2.0,4.0
OUTPACI05GRI200,active,HEURISTIC_PROXY,1.0,6.0,5.0
OUTPACI05MOV060,active,HEURISTIC_PROXY,4.0,8.0,4.0
OUTPACI05MOV080,active,HEURISTIC_PROXY,6.0,8.0,4.0
OUTPACI05MOV100,phase_out,HEURISTIC_PROXY,1.0,0.0,0.0
OUTPACI05MOV160,active,HEURISTIC_PROXY,7.0,7.0,5.0
OUTPACI05VRD060,active,HEURISTIC_PROXY,5.0,4.0,8.0
OUTPACI05VRD080,active,HEURISTIC_PROXY,11.0,11.0,4.0
OUTPACI05VRD140,phase_out,HEURISTIC_PROXY,3.0,1.0,2.0
OUTPACI05VRD200,active,HEURISTIC_PROXY,0.0,3.0,3.0
OUTPACI31BLU060,active,HEURISTIC_PROXY,7.0,6.0,4.0
OUTPACI31BLU080,active,HEURISTIC_PROXY,4.0,10.0,6.0
OUTPACI31BLU160,active,HEURISTIC_PROXY,8.0,5.0,6.0
OUTPACI31BLU200,active,HEURISTIC_PROXY,1.0,7.0,7.0
OUTPACI31GLB060,active,HEURISTIC_PROXY,0.0,3.0,6.0
OUTPACI31GLB080,active,HEURISTIC_PROXY,7.0,10.0,5.0
OUTPACI31GLB160,active,HEURISTIC_PROXY,3.0,3.0,6.0
OUTPACI31GLB200,active,HEURISTIC_PROXY,0.0,3.0,4.0
OUTPACI31GRI060,active,HEURISTIC_PROXY,0.0,4.0,4.0
OUTPACI31GRI080,active,HEURISTIC_PROXY,4.0,7.0,5.0
OUTPACI31GRI100,phase_out,HEURISTIC_PROXY,2.0,0.0,1.0
OUTPACI31GRI140,phase_out,HEURISTIC_PROXY,2.0,0.0,1.0
OUTPACI31GRI160,active,HEURISTIC_PROXY,5.0,8.0,6.0
OUTPACI31MOV060,active,HEURISTIC_PROXY,0.0,4.0,4.0
OUTPACI31MOV080,active,HEURISTIC_PROXY,5.0,9.0,6.0
OUTPACI31MOV160,active,HEURISTIC_PROXY,7.0,10.0,7.0
OUTPACI31VRD060,active,HEURISTIC_PROXY,2.0,9.0,6.0
OUTPACI31VRD080,active,HEURISTIC_PROXY,10.0,10.0,6.0
OUTPACI31VRD160,active,HEURISTIC_PROXY,3.0,3.0,5.0
OUTPACI31VRD200,active,HEURISTIC_PROXY,0.0,2.0,3.0
OUTPAPILLONDGR060,active,HEURISTIC_PROXY,4.0,10.0,7.0
OUTPAPILLONLGR060,active,HEURISTIC_PROXY,0.0,5.0,9.0
OUTPAPILLONLI060,active,HEURISTIC_PROXY,0.0,10.0,9.0
OUTPAPILLONLPI060,active,HEURISTIC_PROXY,0.0,16.0,12.0
OUTPAPILLONPI060,active,HEURISTIC_PROXY,0.0,0.0,4.0
OUTPAPILLONTQ060,active,HEURISTIC_PROXY,0.0,12.0,10.0
OUTR117060,active,HEURISTIC_PROXY,0.0,5.0,13.0
OUTR122060,active,HEURISTIC_PROXY,3.0,1.0,3.0
OUTRIM03BR060,phase_out,HEURISTIC_PROXY,2.0,0.0,0.0
OUTRIM03BR130,phase_out,HEURISTIC_PROXY,2.0,1.0,0.0
OUTRIM05BE060,active,HEURISTIC_PROXY,1.0,4.0,4.0
OUTRIM05BE080,active,HEURISTIC_PROXY,0.0,2.0,13.0
OUTRIM05BE130,active,HEURISTIC_PROXY,0.0,2.0,4.0
OUTRIM15CR060,active,HEURISTIC_PROXY,0.0,12.0,6.0
OUTRIM15CR080,active,HEURISTIC_PROXY,0.0,0.0,14.0
OUTRIM15CR130,active,HEURISTIC_PROXY,0.0,2.0,4.0
OUTRIM15CR160,active,HEURISTIC_PROXY,0.0,2.0,6.0
OUTRIM33GR060,active,HEURISTIC_PROXY,0.0,12.0,9.0
OUTRIM33GR080,active,HEURISTIC_PROXY,0.0,0.0,14.0
OUTRIM33GR130,active,HEURISTIC_PROXY,0.0,2.0,4.0
OUTRIM33GR160,active,HEURISTIC_PROXY,0.0,3.0,6.0
OUTROMANCEGR120R,phase_out,HEURISTIC_PROXY,1.0,0.0,0.0
OUTROMANCEROSE080R,active,HEURISTIC_PROXY,1.0,1.0,4.0
OUTROMANCEROSE120,phase_out,HEURISTIC_PROXY,1.0,0.0,0.0
OUTROMANCEROSE150,phase_out,HEURISTIC_PROXY,1.0,0.0,1.0
OUTROMANTICCR080R,phase_out,HEURISTIC_PROXY,5.0,1.0,0.0
OUTROMANTICDKGR050,active,HEURISTIC_PROXY,2.0,1.0,4.0
OUTROMANTICDKGR080,active,HEURISTIC_PROXY,5.0,7.0,5.0
OUTROMANTICDKGR080R,active,HEURISTIC_PROXY,0.0,0.0,4.0
OUTROMANTICDKGR120,phase_out,HEURISTIC_PROXY,2.0,1.0,2.0
OUTROMANTICDKGR150,active,HEURISTIC_PROXY,3.0,2.0,3.0
OUTROMANTICTQ050,active,HEURISTIC_PROXY,5.0,6.0,6.0
OUTROMANTICTQ080,active,HEURISTIC_PROXY,2.0,17.0,8.0
OUTROMANTICTQ080R,active,HEURISTIC_PROXY,4.0,0.0,3.0
OUTROMANTICTQ120,phase_out,HEURISTIC_PROXY,4.0,1.0,2.0
OUTROMANTICTQ150,active,HEURISTIC_PROXY,1.0,3.0,3.0
OUTROMANTICYE050,active,HEURISTIC_PROXY,15.0,1.0,5.0
OUTROMANTICYE080,active,HEURISTIC_PROXY,0.0,10.0,5.0
OUTROMANTICYE080R,active,HEURISTIC_PROXY,1.0,0.0,3.0
OUTROMANTICYE120,phase_out,HEURISTIC_PROXY,3.0,1.0,1.0
OUTROMANTICYE120R,phase_out,HEURISTIC_PROXY,3.0,1.0,0.0
OUTROMANTICYE150,active,HEURISTIC_PROXY,4.0,6.0,3.0
OUTROMASOFTGR060,phase_out,HEURISTIC_PROXY,1.0,0.0,0.0
OUTROMASOFTGR080,phase_out,HEURISTIC_PROXY,2.0,0.0,0.0
OUTROMASOFTROSE080,phase_out,HEURISTIC_PROXY,3.0,0.0,0.0
OUTROMASOFTTE060,phase_out,HEURISTIC_PROXY,3.0,1.0,1.0
OUTSAFIRSF01080,active,HEURISTIC_PROXY,0.0,11.0,11.0
OUTSAFIRSF01080T,active,HEURISTIC_PROXY,0.0,3.0,3.0
OUTSAFIRSF01160,active,HEURISTIC_PROXY,0.0,10.0,10.0
OUTSAFIRSF02080,active,HEURISTIC_PROXY,0.0,10.0,10.0
OUTSAFIRSF02160,active,HEURISTIC_PROXY,0.0,10.0,10.0
OUTSAFIRSF03080,active,HEURISTIC_PROXY,0.0,7.0,7.0
OUTSAFIRSF03160,active,HEURISTIC_PROXY,0.0,10.0,10.0
OUTSAFIRSF04080,active,HEURISTIC_PROXY,0.0,10.0,10.0
OUTSAFIRSF04080T,active,HEURISTIC_PROXY,0.0,3.0,3.0
OUTSAFIRSF04160,active,HEURISTIC_PROXY,0.0,7.0,7.0
OUTSAFIRSF05080,active,HEURISTIC_PROXY,0.0,14.0,14.0
OUTSAFIRSF05160,active,HEURISTIC_PROXY,0.0,11.0,11.0
OUTSAFIRSF08080,active,HEURISTIC_PROXY,0.0,11.0,11.0
OUTSAFIRSF08080T,active,HEURISTIC_PROXY,0.0,3.0,3.0
OUTSAFIRSF08160,active,HEURISTIC_PROXY,0.0,11.0,11.0
OUTSAFIRSF09080,active,HEURISTIC_PROXY,0.0,13.0,13.0
OUTSAFIRSF09160,active,HEURISTIC_PROXY,0.0,11.0,11.0
OUTSAFIRSF10080,active,HEURISTIC_PROXY,0.0,11.0,11.0
OUTSAFIRSF10160,active,HEURISTIC_PROXY,0.0,10.0,10.0
OUTSOFIALATTE130,phase_out,HEURISTIC_PROXY,1.0,0.0,0.0
OUTSOFIALI160,phase_out,HEURISTIC_PROXY,1.0,0.0,0.0
OWFREYA080,phase_out,HEURISTIC_PROXY,1.0,0.0,0.0
OWHILLSBY103160,phase_out,HEURISTIC_PROXY,1.0,0.0,0.0
OWHILLSBY105160,phase_out,HEURISTIC_PROXY,1.0,0.0,0.0
OWHILLSBY106160,phase_out,HEURISTIC_PROXY,1.0,0.0,0.0
OWHILLSBY108160,phase_out,HEURISTIC_PROXY,1.0,0.0,0.0
OWHILLSBY110160,phase_out,HEURISTIC_PROXY,1.0,0.0,0.0
OWHILLSBY132160,phase_out,HEURISTIC_PROXY,2.0,0.0,0.0
OWHILLSBY135160,phase_out,HEURISTIC_PROXY,2.0,0.0,0.0
OWHUNTER31MU090,active,HEURISTIC_PROXY,0.0,9.0,9.0
OWHUNTER31MU160,active,HEURISTIC_PROXY,0.0,5.0,5.0
OWHUNTER46MU090,active,HEURISTIC_PROXY,0.0,7.0,9.0
OWHUNTER46MU160,active,HEURISTIC_PROXY,0.0,5.0,5.0
OWHUNTER51BR090,active,HEURISTIC_PROXY,0.0,6.0,9.0
OWHUNTER51BR160,active,HEURISTIC_PROXY,0.0,4.0,4.0
OWHUNTER51RU090,active,HEURISTIC_PROXY,0.0,7.0,9.0
OWHUNTER51RU160,active,HEURISTIC_PROXY,0.0,4.0,4.0
OWHUNTER52MU090,active,HEURISTIC_PROXY,0.0,6.0,9.0
OWHUNTER52MU160,active,HEURISTIC_PROXY,0.0,7.0,5.0
OWMURRAY160,phase_out,HEURISTIC_PROXY,1.0,0.0,0.0
OWPALACIOBE200,phase_out,HEURISTIC_PROXY,1.0,0.0,0.0
OWWILLOW14MU080,active,HEURISTIC_PROXY,0.0,9.0,10.0
OWWILLOW14MU160,active,HEURISTIC_PROXY,0.0,5.0,6.0
OWWILLOW66MU080,active,HEURISTIC_PROXY,0.0,3.0,9.0
OWWILLOW66MU160,active,HEURISTIC_PROXY,0.0,3.0,5.0
OWWILLOW73MU080,active,HEURISTIC_PROXY,0.0,10.0,9.0
OWWILLOW73MU160,active,HEURISTIC_PROXY,0.0,7.0,7.0
OWWILLOW78MU080,active,HEURISTIC_PROXY,0.0,6.0,10.0
OWWILLOW78MU160,active,HEURISTIC_PROXY,0.0,5.0,7.0
OWWILLOW84MU080,active,HEURISTIC_PROXY,0.0,6.0,9.0
OWWILLOW84MU160,active,HEURISTIC_PROXY,0.0,5.0,6.0
PAALORA368BE080,active,HEURISTIC_PROXY,0.0,8.0,8.0
PAALORA368BE160,active,HEURISTIC_PROXY,0.0,4.0,4.0
PAALORA372MU080,active,HEURISTIC_PROXY,0.0,8.0,8.0
PAALORA372MU160,active,HEURISTIC_PROXY,0.0,4.0,4.0
PAANICE130,phase_out,HEURISTIC_PROXY,1.0,0.0,0.0
PAANICE160,phase_out,HEURISTIC_PROXY,1.0,0.0,0.0
PAANICE200,phase_out,HEURISTIC_PROXY,1.0,0.0,0.0
PAAVIGNON080,phase_out,HEURISTIC_PROXY,6.0,1.0,1.0
PAAVIGNON160,phase_out,HEURISTIC_PROXY,3.0,0.0,0.0
PACARMEL080,phase_out,HEURISTIC_PROXY,2.0,1.0,0.0
PACARMEL130,phase_out,HEURISTIC_PROXY,1.0,0.0,0.0
PACASSI080,phase_out,HEURISTIC_PROXY,6.0,2.0,0.0
PACASSI130,phase_out,HEURISTIC_PROXY,2.0,0.0,0.0
PAERRIA160,phase_out,HEURISTIC_PROXY,1.0,0.0,0.0
PAERRIA200,phase_out,HEURISTIC_PROXY,2.0,0.0,1.0
PAESPHERA080,phase_out,HEURISTIC_PROXY,2.0,1.0,0.0
PAGALAXY12C160,phase_out,HEURISTIC_PROXY,1.0,0.0,0.0
PAGALAXY12C200,phase_out,HEURISTIC_PROXY,3.0,1.0,0.0
PAGALAXY59A200,phase_out,HEURISTIC_PROXY,3.0,0.0,0.0
PAGALAXY76A160,phase_out,HEURISTIC_PROXY,1.0,0.0,0.0
PAHARRITON080,active,HEURISTIC_PROXY,11.0,9.0,3.0
PAHARRITON130,phase_out,HEURISTIC_PROXY,3.0,1.0,1.0
PAIANNA080,phase_out,HEURISTIC_PROXY,5.0,1.0,1.0
PAIANNA130,phase_out,HEURISTIC_PROXY,2.0,0.0,0.0
PAIANNA160,phase_out,HEURISTIC_PROXY,3.0,1.0,0.0
PAKINSEYBL080,active,HEURISTIC_PROXY,0.0,8.0,8.0
PAKINSEYBL160,active,HEURISTIC_PROXY,0.0,4.0,4.0
PAMAXIM080,phase_out,HEURISTIC_PROXY,10.0,5.0,1.0
PAMIARI117BE080,active,HEURISTIC_PROXY,0.0,8.0,8.0
PAMIARI117BE160,active,HEURISTIC_PROXY,0.0,3.0,3.0
PAMIARI195CR080,active,HEURISTIC_PROXY,0.0,7.0,7.0
PAMIARI195CR160,active,HEURISTIC_PROXY,0.0,3.0,3.0
PAMORGAN080,phase_out,HEURISTIC_PROXY,4.0,2.0,2.0
PAMORGAN130,phase_out,HEURISTIC_PROXY,2.0,0.0,0.0
PAMORGAN160,phase_out,HEURISTIC_PROXY,3.0,1.0,0.0
PAMORGAN200,phase_out,HEURISTIC_PROXY,3.0,0.0,0.0
PANUPA080,active,HEURISTIC_PROXY,11.0,11.0,3.0
PAOLYMPIA200CRBE080,active,HEURISTIC_PROXY,0.0,8.0,8.0
PAOLYMPIA200CRBE160,active,HEURISTIC_PROXY,0.0,3.0,3.0
PAOLYMPIA205CRBE080,active,HEURISTIC_PROXY,0.0,8.0,8.0
PAOLYMPIA205CRBE160,active,HEURISTIC_PROXY,0.0,4.0,4.0
PAPALAZZO080,phase_out,HEURISTIC_PROXY,2.0,1.0,0.0
PAPALAZZO200,phase_out,HEURISTIC_PROXY,1.0,0.0,0.0
PAPALMIRA259097MU080,active,HEURISTIC_PROXY,0.0,7.0,7.0
PAPALMIRA259097MU160,active,HEURISTIC_PROXY,0.0,3.0,3.0
PAPALMIRA861096CRGR080,active,HEURISTIC_PROXY,0.0,7.0,7.0
PAPALMIRA861096CRGR160,active,HEURISTIC_PROXY,0.0,3.0,3.0
PAPALMIRA871095BECR080,active,HEURISTIC_PROXY,0.0,7.0,7.0
PAPALMIRA871095BECR160,active,HEURISTIC_PROXY,0.0,4.0,4.0
PAPALMIRA871097MU080,active,HEURISTIC_PROXY,0.0,7.0,7.0
PAPALMIRA871097MU160,active,HEURISTIC_PROXY,0.0,3.0,3.0
PAPEAK080,phase_out,HEURISTIC_PROXY,4.0,1.0,0.0
PAPEAK200,phase_out,HEURISTIC_PROXY,1.0,0.0,0.0
PASAJAL130,phase_out,HEURISTIC_PROXY,2.0,1.0,0.0
PASAJAL160,phase_out,HEURISTIC_PROXY,2.0,0.0,1.0
PASOLINA080,phase_out,HEURISTIC_PROXY,5.0,1.0,0.0
PASOLINA130,phase_out,HEURISTIC_PROXY,2.0,0.0,0.0
PASOLINA160,phase_out,HEURISTIC_PROXY,2.0,1.0,0.0
PUSBOAT100140,phase_out,HEURISTIC_PROXY,1.0,0.0,0.0
PUSFIELD110R,phase_out,HEURISTIC_PROXY,2.0,1.0,0.0
PUSSPACE100140,phase_out,HEURISTIC_PROXY,1.0,0.0,0.0
RAARGY62GR160,active,HEURISTIC_PROXY,0.0,4.0,3.0
RAARGY62RUST160,active,HEURISTIC_PROXY,0.0,5.0,4.0
RAARGY97BL160,active,HEURISTIC_PROXY,0.0,5.0,4.0
RAARGY97RU080,active,HEURISTIC_PROXY,0.0,9.0,12.0
RAARGY97RU160,active,HEURISTIC_PROXY,0.0,7.0,8.0
RAARGY99RU080,active,HEURISTIC_PROXY,0.0,5.0,4.0
RAARGY99RU160,active,HEURISTIC_PROXY,0.0,4.0,3.0
RABROSA08133,phase_out,HEURISTIC_PROXY,3.0,0.0,0.0
RABROSA08160,phase_out,HEURISTIC_PROXY,3.0,1.0,0.0
RABROSA14133,phase_out,HEURISTIC_PROXY,2.0,0.0,0.0
RABROSA14160,phase_out,HEURISTIC_PROXY,4.0,1.0,0.0
RABROSA24133,phase_out,HEURISTIC_PROXY,1.0,0.0,0.0
RABROSA24160,phase_out,HEURISTIC_PROXY,2.0,0.0,0.0
RACANYON29133,phase_out,HEURISTIC_PROXY,1.0,0.0,0.0
RACANYON29160,phase_out,HEURISTIC_PROXY,2.0,0.0,0.0
RACANYON59BEDKBL133,phase_out,HEURISTIC_PROXY,2.0,0.0,0.0
RACANYON67LDKGR080,phase_out,HEURISTIC_PROXY,2.0,0.0,0.0
RACANYON67LDKGR160,phase_out,HEURISTIC_PROXY,2.0,0.0,0.0
RACANYON69BLLGRBR133,phase_out,HEURISTIC_PROXY,1.0,0.0,0.0
RACANYON88080,phase_out,HEURISTIC_PROXY,6.0,1.0,0.0
RACANYON88160,phase_out,HEURISTIC_PROXY,3.0,1.0,1.0
RACANYON89CRDKBL080,phase_out,HEURISTIC_PROXY,4.0,2.0,2.0
RACANYON89CRDKBL160,phase_out,HEURISTIC_PROXY,4.0,2.0,0.0
RACERISE080,phase_out,HEURISTIC_PROXY,1.0,0.0,0.0
RACERISE160,phase_out,HEURISTIC_PROXY,2.0,1.0,0.0
RACHARMING080,phase_out,HEURISTIC_PROXY,1.0,0.0,0.0
RACOOL080,phase_out,HEURISTIC_PROXY,1.0,0.0,0.0
RACRYSTAL080,phase_out,HEURISTIC_PROXY,1.0,0.0,0.0
RADONNA080,phase_out,HEURISTIC_PROXY,1.0,0.0,0.0
RADONNA200,phase_out,HEURISTIC_PROXY,1.0,0.0,0.0
RAFALL080,phase_out,HEURISTIC_PROXY,2.0,1.0,0.0
RAFALL120,phase_out,HEURISTIC_PROXY,2.0,0.0,0.0
RAFRANCY080,phase_out,HEURISTIC_PROXY,2.0,0.0,0.0
RAFRANCY200,phase_out,HEURISTIC_PROXY,2.0,1.0,0.0
RAGLAMOUR080,phase_out,HEURISTIC_PROXY,1.0,0.0,0.0
RAINDUS160,phase_out,HEURISTIC_PROXY,2.0,1.0,0.0
RALAGUNA080,phase_out,HEURISTIC_PROXY,1.0,0.0,0.0
RALOGA080,phase_out,HEURISTIC_PROXY,1.0,0.0,0.0
RALOGA133,phase_out,HEURISTIC_PROXY,1.0,0.0,0.0
RALUZIAGR080,active,HEURISTIC_PROXY,14.0,13.0,5.0
RALUZIAGR160,active,HEURISTIC_PROXY,10.0,8.0,4.0
RALUZIAGR160230RR,active,HEURISTIC_PROXY,0.0,1.0,3.0
RALUZIAGREY080,active,HEURISTIC_PROXY,0.0,8.0,12.0
RALUZIAGREY160,active,HEURISTIC_PROXY,0.0,7.0,8.0
RALUZIAPI080,active,HEURISTIC_PROXY,11.0,11.0,3.0
RALUZIAPI160230RR,active,HEURISTIC_PROXY,0.0,2.0,3.0
RALUZIAPI200,phase_out,HEURISTIC_PROXY,1.0,0.0,0.0
RALUZIATE080,active,HEURISTIC_PROXY,9.0,8.0,3.0
RALUZIATE160,active,HEURISTIC_PROXY,14.0,14.0,3.0
RALUZIATE160230RR,active,HEURISTIC_PROXY,0.0,1.0,3.0
RAMALLA77MU080,active,HEURISTIC_PROXY,0.0,10.0,9.0
RAMALLA77MU160,active,HEURISTIC_PROXY,0.0,6.0,6.0
RAMALLA90MU080,active,HEURISTIC_PROXY,0.0,7.0,8.0
RAMALLA90MU160,active,HEURISTIC_PROXY,0.0,6.0,7.0
RAMALLABE080,active,HEURISTIC_PROXY,0.0,8.0,12.0
RAMALLABE160,active,HEURISTIC_PROXY,0.0,3.0,9.0
RAMALLABL080,active,HEURISTIC_PROXY,0.0,10.0,8.0
RAMALLABL160,active,HEURISTIC_PROXY,0.0,6.0,5.0
RAMALLACR080,active,HEURISTIC_PROXY,0.0,9.0,8.0
RAMALLACR160,active,HEURISTIC_PROXY,0.0,7.0,6.0
RAMALLAFOG080,active,HEURISTIC_PROXY,0.0,8.0,8.0
RAMALLAFOG160,active,HEURISTIC_PROXY,0.0,6.0,7.0
RAMALLAGREEN080,active,HEURISTIC_PROXY,0.0,9.0,12.0
RAMALLAGREEN133,active,HEURISTIC_PROXY,0.0,2.0,3.0
RAMALLAGREEN160,active,HEURISTIC_PROXY,0.0,7.0,8.0
RAMALLASI080,active,HEURISTIC_PROXY,0.0,8.0,9.0
RAMALLASI160,active,HEURISTIC_PROXY,0.0,8.0,7.0
RAMARGA27GR080,active,HEURISTIC_PROXY,0.0,6.0,5.0
RAMARGA27GR160,active,HEURISTIC_PROXY,0.0,5.0,4.0
RAMARGA32CR080,active,HEURISTIC_PROXY,0.0,10.0,12.0
RAMARGA32CR160,active,HEURISTIC_PROXY,0.0,8.0,8.0
RAMARION160,phase_out,HEURISTIC_PROXY,1.0,0.0,0.0
RAMASAIBR080,phase_out,HEURISTIC_PROXY,4.0,0.0,0.0
RAMASAIBR160,phase_out,HEURISTIC_PROXY,2.0,1.0,1.0
RAMAYSA160,phase_out,HEURISTIC_PROXY,1.0,0.0,0.0
RAMAZEBE135,phase_out,HEURISTIC_PROXY,1.0,0.0,0.0
RAMAZEBR160,phase_out,HEURISTIC_PROXY,1.0,0.0,0.0
RAMORRISBE160,phase_out,HEURISTIC_PROXY,1.0,0.0,0.0
RANICHOLES160,phase_out,HEURISTIC_PROXY,2.0,1.0,0.0
RANIKITA160,phase_out,HEURISTIC_PROXY,2.0,1.0,0.0
RAORIGAMI160,phase_out,HEURISTIC_PROXY,2.0,0.0,0.0
RAOVELO377BRCR080,active,HEURISTIC_PROXY,0.0,2.0,10.0
RAOVELO377BRCR160,active,HEURISTIC_PROXY,0.0,9.0,9.0
RAOVELO421BE160,active,HEURISTIC_PROXY,0.0,6.0,4.0
RAOVELO421PI160,active,HEURISTIC_PROXY,0.0,4.0,4.0
RAOVELO77160,active,HEURISTIC_PROXY,0.0,7.0,8.0
RAOVELO925BL160,active,HEURISTIC_PROXY,0.0,3.0,4.0
RAOVELO925GR080,active,HEURISTIC_PROXY,0.0,9.0,12.0
RAOVELO925GR160,active,HEURISTIC_PROXY,0.0,6.0,9.0
RAOVELO925PI160,active,HEURISTIC_PROXY,0.0,4.0,3.0
RAOVELO959BL160,active,HEURISTIC_PROXY,0.0,8.0,9.0
RAOVELO959MU160,active,HEURISTIC_PROXY,0.0,4.0,4.0
RAOVELO974PI160,active,HEURISTIC_PROXY,0.0,5.0,4.0
RAP2501100060120,active,HEURISTIC_PROXY,8.0,8.0,3.0
RAP2501100080140,active,HEURISTIC_PROXY,11.0,7.0,3.0
RAP2501102060120,active,HEURISTIC_PROXY,11.0,9.0,3.0
RAP2501102080140,active,HEURISTIC_PROXY,11.0,9.0,3.0
RAP2501102160001,phase_out,HEURISTIC_PROXY,4.0,2.0,0.0
RAP2501102200290,active,HEURISTIC_PROXY,25.0,24.0,5.0
RAP2501300135,phase_out,HEURISTIC_PROXY,3.0,1.0,1.0
RAP2501300160,active,HEURISTIC_PROXY,1.0,1.0,4.0
RAP2501607135,phase_out,HEURISTIC_PROXY,2.0,1.0,0.0
RAP2501607200,phase_out,HEURISTIC_PROXY,4.0,0.0,0.0
RAP2501607240,phase_out,HEURISTIC_PROXY,1.0,0.0,0.0
RAP2501905080,active,HEURISTIC_PROXY,14.0,13.0,3.0
RAP2501906000120,active,HEURISTIC_PROXY,1.0,1.0,3.0
RAP2501906060120,active,HEURISTIC_PROXY,10.0,11.0,4.0
RAPLATINUM01GR160,phase_out,HEURISTIC_PROXY,2.0,1.0,0.0
RASANBIO07160,phase_out,HEURISTIC_PROXY,3.0,1.0,0.0
RASANBIO18080,phase_out,HEURISTIC_PROXY,4.0,1.0,0.0
RASANBIO18160,phase_out,HEURISTIC_PROXY,3.0,0.0,0.0
RASANBIO38160,phase_out,HEURISTIC_PROXY,4.0,2.0,0.0
RASANBIO39133,phase_out,HEURISTIC_PROXY,1.0,0.0,0.0
RASARUK080,active,HEURISTIC_PROXY,2.0,3.0,4.0
RASARUK133,phase_out,HEURISTIC_PROXY,1.0,0.0,1.0
RASARUK160,phase_out,HEURISTIC_PROXY,6.0,2.0,2.0
RASARUK200,phase_out,HEURISTIC_PROXY,1.0,0.0,0.0
RASARUKPI080,active,HEURISTIC_PROXY,8.0,10.0,4.0
RASARUKPI133,phase_out,HEURISTIC_PROXY,1.0,0.0,1.0
RASEDEB080,phase_out,HEURISTIC_PROXY,2.0,0.0,0.0
RASEDEB160,phase_out,HEURISTIC_PROXY,6.0,0.0,0.0
RASEDEB200,phase_out,HEURISTIC_PROXY,1.0,0.0,0.0
RASHERMAN065,phase_out,HEURISTIC_PROXY,1.0,0.0,0.0
RASWIFTBR135,phase_out,HEURISTIC_PROXY,1.0,0.0,0.0
RATABRIZ080,phase_out,HEURISTIC_PROXY,2.0,1.0,0.0
RATAIS080,phase_out,HEURISTIC_PROXY,9.0,4.0,0.0
RATAIS160,phase_out,HEURISTIC_PROXY,8.0,2.0,0.0
RATAIS200,phase_out,HEURISTIC_PROXY,4.0,1.0,0.0
RATAISBR080,active,HEURISTIC_PROXY,0.0,8.0,10.0
RATAISBR160,active,HEURISTIC_PROXY,0.0,6.0,8.0
RATAMMIE080,phase_out,HEURISTIC_PROXY,1.0,0.0,0.0
RATREG05BR080,phase_out,HEURISTIC_PROXY,4.0,0.0,1.0
RATREG05BR133,phase_out,HEURISTIC_PROXY,1.0,0.0,0.0
RATREG05CR080,active,HEURISTIC_PROXY,2.0,0.0,4.0
RATREG05CR133,phase_out,HEURISTIC_PROXY,2.0,1.0,0.0
RATREG05CR160,phase_out,HEURISTIC_PROXY,6.0,1.0,0.0
RATREG05CR200,phase_out,HEURISTIC_PROXY,1.0,0.0,0.0
RATREG05GR080,phase_out,HEURISTIC_PROXY,9.0,1.0,1.0
RATREG05GR133,phase_out,HEURISTIC_PROXY,1.0,0.0,1.0
RATREG05GR200,phase_out,HEURISTIC_PROXY,1.0,0.0,0.0
RATREG20BR133,phase_out,HEURISTIC_PROXY,2.0,0.0,0.0
RATREG20CR160,phase_out,HEURISTIC_PROXY,1.0,0.0,2.0
RATREG25BR160,phase_out,HEURISTIC_PROXY,4.0,1.0,0.0
RATREG25CR080,phase_out,HEURISTIC_PROXY,1.0,0.0,0.0
RATREG25CR133,phase_out,HEURISTIC_PROXY,2.0,1.0,0.0
RATREG25GR080,phase_out,HEURISTIC_PROXY,5.0,0.0,0.0
RATREG25GR133,phase_out,HEURISTIC_PROXY,1.0,0.0,0.0
RATREG25GR160,phase_out,HEURISTIC_PROXY,6.0,2.0,0.0
RATRENTINO008LGR160,phase_out,HEURISTIC_PROXY,1.0,0.0,0.0
RATRENTINO03LGR080,phase_out,HEURISTIC_PROXY,1.0,0.0,0.0
RATYRO133,phase_out,HEURISTIC_PROXY,2.0,0.0,0.0
RAVALENTINO02RED080,phase_out,HEURISTIC_PROXY,1.0,0.0,0.0
ROOLESM10VICR060,active,HEURISTIC_PROXY,0.0,4.0,5.0
ROOLESM10VICR080,active,HEURISTIC_PROXY,0.0,10.0,16.0
ROOLESM10VICR160,active,HEURISTIC_PROXY,0.0,8.0,8.0
ROOLESM25DGRCR080,active,HEURISTIC_PROXY,0.0,12.0,13.0
ROOLESM25DGRCR160,active,HEURISTIC_PROXY,0.0,8.0,9.0
ROOLESM5CR080,active,HEURISTIC_PROXY,0.0,7.0,11.0
ROOLESM5CR160,active,HEURISTIC_PROXY,0.0,5.0,8.0
ROOLESM66GR060,active,HEURISTIC_PROXY,0.0,5.0,8.0
ROOLESM66GR080,active,HEURISTIC_PROXY,0.0,7.0,8.0
ROOLESM66GR120R,active,HEURISTIC_PROXY,0.0,1.0,3.0
ROOLESM66GR160,active,HEURISTIC_PROXY,0.0,6.0,7.0
ROOLESM66WH060,active,HEURISTIC_PROXY,0.0,5.0,6.0
ROOLESM66WH080,active,HEURISTIC_PROXY,0.0,8.0,10.0
ROOLESM66WH120R,active,HEURISTIC_PROXY,0.0,2.0,3.0
ROOLESM66WH160,active,HEURISTIC_PROXY,0.0,8.0,7.0
ROOLESM90VI060,active,HEURISTIC_PROXY,0.0,5.0,6.0
ROOLESM90VI080,active,HEURISTIC_PROXY,0.0,7.0,14.0
ROOLESM90VI120R,active,HEURISTIC_PROXY,0.0,2.0,3.0
ROOLESM90VI160,active,HEURISTIC_PROXY,0.0,6.0,9.0
ROSTEIN1LGR080,active,HEURISTIC_PROXY,0.0,7.0,9.0
ROSTEIN1LGR160,active,HEURISTIC_PROXY,0.0,8.0,9.0
ROSTEIN4GO080,active,HEURISTIC_PROXY,0.0,2.0,11.0
ROSTEIN4GO160,active,HEURISTIC_PROXY,0.0,5.0,7.0
ROSTEIN5LBL080,active,HEURISTIC_PROXY,0.0,4.0,12.0
ROSTEIN5LBL160,active,HEURISTIC_PROXY,0.0,7.0,8.0
RVBCOM006I160230,phase_out,HEURISTIC_PROXY,2.0,0.0,0.0
RVBCOM006I160OV,phase_out,HEURISTIC_PROXY,1.0,0.0,0.0
RVBCOM006I160R,phase_out,HEURISTIC_PROXY,1.0,0.0,0.0
RVBGLAMOURANTCA015160,phase_out,HEURISTIC_PROXY,1.0,0.0,0.0
SA66105160230,phase_out,HEURISTIC_PROXY,1.0,0.0,0.0
SDVIVIANE200300,phase_out,HEURISTIC_PROXY,1.0,0.0,0.0
SHPAD050,active,HEURISTIC_PROXY,87.0,132.0,72.0
SHPAD080,active,HEURISTIC_PROXY,89.0,114.0,47.0
SITCOSYPUFGY,active,HEURISTIC_PROXY,0.0,2.0,4.0
SITCOSYPUFPK,active,HEURISTIC_PROXY,0.0,4.0,4.0
SITCOSYPUFTQ,active,HEURISTIC_PROXY,0.0,3.0,3.0
SQARIANA329358206312,phase_out,HEURISTIC_PROXY,1.0,0.0,0.0
SQARIANA339655198149,phase_out,HEURISTIC_PROXY,1.0,0.0,0.0
SQARIANA346642206308,phase_out,HEURISTIC_PROXY,1.0,0.0,0.0
SQARIANA375114151193,phase_out,HEURISTIC_PROXY,1.0,0.0,0.0
SQARIANA375199150195,phase_out,HEURISTIC_PROXY,1.0,0.0,0.0
SQARIANA376029159203,phase_out,HEURISTIC_PROXY,1.0,0.0,0.0
SQARIANA3772566398,phase_out,HEURISTIC_PROXY,1.0,0.0,0.0
SQARIANA378707198295,phase_out,HEURISTIC_PROXY,1.0,0.0,0.0
SQARIANA378714213308,phase_out,HEURISTIC_PROXY,1.0,0.0,0.0
SQARIANA378719203291,phase_out,HEURISTIC_PROXY,1.0,0.0,0.0
SQMAMLOCK370903124184,phase_out,HEURISTIC_PROXY,1.0,0.0,0.0
SQMAMLOCK370913152194,phase_out,HEURISTIC_PROXY,1.0,0.0,0.0
SQMAMLOCK3709926389,phase_out,HEURISTIC_PROXY,1.0,0.0,0.0
SQMAMLOCK3772266292,phase_out,HEURISTIC_PROXY,1.0,0.0,0.0
SQMAMLOCK3772316590,phase_out,HEURISTIC_PROXY,1.0,0.0,0.0
SQMAMLOCK3772336090,phase_out,HEURISTIC_PROXY,1.0,0.0,0.0
SQMAMLOCK3772356298,phase_out,HEURISTIC_PROXY,1.0,0.0,0.0
SQMAMLOCK37735077126,phase_out,HEURISTIC_PROXY,1.0,0.0,0.0
SQZI12252304,phase_out,HEURISTIC_PROXY,1.0,0.0,0.0
SQZI239119140188306,phase_out,HEURISTIC_PROXY,1.0,0.0,0.0
SQZI25880630383,phase_out,HEURISTIC_PROXY,1.0,0.0,0.0
SQZI26468180298,phase_out,HEURISTIC_PROXY,1.0,0.0,0.0
SQZI2685251256107151,phase_out,HEURISTIC_PROXY,1.0,0.0,0.0
SQZI2715421149064094,phase_out,HEURISTIC_PROXY,1.0,0.0,0.0
SQZI28581329881,phase_out,HEURISTIC_PROXY,1.0,0.0,0.0
SQZI285878157202,phase_out,HEURISTIC_PROXY,1.0,0.0,0.0
SQZI3252386792,phase_out,HEURISTIC_PROXY,1.0,0.0,0.0
SQZI3252416692,phase_out,HEURISTIC_PROXY,1.0,0.0,0.0
SQZI3252496893,phase_out,HEURISTIC_PROXY,1.0,0.0,0.0
SQZI325317177240,phase_out,HEURISTIC_PROXY,1.0,0.0,0.0
SQZI331373127195,phase_out,HEURISTIC_PROXY,1.0,0.0,0.0
SQZI3397026092,phase_out,HEURISTIC_PROXY,1.0,0.0,0.0
SQZI33997732086,phase_out,HEURISTIC_PROXY,1.0,0.0,0.0
SQZI340002180245,phase_out,HEURISTIC_PROXY,1.0,0.0,0.0
SQZI346367186125,phase_out,HEURISTIC_PROXY,1.0,0.0,0.0
SQZI352914159202,phase_out,HEURISTIC_PROXY,1.0,0.0,0.0
SQZI3616116394,phase_out,HEURISTIC_PROXY,1.0,0.0,0.0
SQZI36163780327,phase_out,HEURISTIC_PROXY,1.0,0.0,0.0
SQZI361675124183,phase_out,HEURISTIC_PROXY,1.0,0.0,0.0
SQZI361699147210,phase_out,HEURISTIC_PROXY,1.0,0.0,0.0
SQZI361719153197,phase_out,HEURISTIC_PROXY,1.0,0.0,0.0
SQZI365875181241,phase_out,HEURISTIC_PROXY,1.0,0.0,0.0
SQZI365889172234,phase_out,HEURISTIC_PROXY,1.0,0.0,0.0
SQZI365904172251,phase_out,HEURISTIC_PROXY,1.0,0.0,0.0
SQZI365919183233,phase_out,HEURISTIC_PROXY,1.0,0.0,0.0
SQZI365922177257,phase_out,HEURISTIC_PROXY,1.0,0.0,0.0
SQZI366009270190,phase_out,HEURISTIC_PROXY,1.0,0.0,0.0
SQZI366021210300,phase_out,HEURISTIC_PROXY,1.0,0.0,0.0
SQZI366125154200,phase_out,HEURISTIC_PROXY,1.0,0.0,0.0
SQZI366140298197,phase_out,HEURISTIC_PROXY,1.0,0.0,0.0
SQZI370647295205,phase_out,HEURISTIC_PROXY,1.0,0.0,0.0
SQZI37521298150,phase_out,HEURISTIC_PROXY,1.0,0.0,0.0
SQZI375215126184,phase_out,HEURISTIC_PROXY,1.0,0.0,0.0
SQZI375218129185,phase_out,HEURISTIC_PROXY,1.0,0.0,0.0
SQZI376214303207,phase_out,HEURISTIC_PROXY,1.0,0.0,0.0
SQZI3775616588,phase_out,HEURISTIC_PROXY,1.0,0.0,0.0
SQZI3775625896,phase_out,HEURISTIC_PROXY,1.0,0.0,0.0
SQZI3775675996,phase_out,HEURISTIC_PROXY,1.0,0.0,0.0
SQZI3775686090,phase_out,HEURISTIC_PROXY,1.0,0.0,0.0
SQZI3775735995,phase_out,HEURISTIC_PROXY,1.0,0.0,0.0
SQZI3775766396,phase_out,HEURISTIC_PROXY,1.0,0.0,0.0
SQZI3775776294,phase_out,HEURISTIC_PROXY,1.0,0.0,0.0
SQZI3775795795,phase_out,HEURISTIC_PROXY,1.0,0.0,0.0
SQZI3775806489,phase_out,HEURISTIC_PROXY,1.0,0.0,0.0
SQZI3775825995,phase_out,HEURISTIC_PROXY,1.0,0.0,0.0
SQZI3775865696,phase_out,HEURISTIC_PROXY,1.0,0.0,0.0
SQZI3775875791,phase_out,HEURISTIC_PROXY,1.0,0.0,0.0
SQZI3775956187,phase_out,HEURISTIC_PROXY,1.0,0.0,0.0
SQZI3775975891,phase_out,HEURISTIC_PROXY,1.0,0.0,0.0
SQZI3776045995,phase_out,HEURISTIC_PROXY,1.0,0.0,0.0
SQZI3776056292,phase_out,HEURISTIC_PROXY,1.0,0.0,0.0
SQZI3776126492,phase_out,HEURISTIC_PROXY,1.0,0.0,0.0
SQZI3776135695,phase_out,HEURISTIC_PROXY,1.0,0.0,0.0
SQZI3776145695,phase_out,HEURISTIC_PROXY,1.0,0.0,0.0
SQZI3776206090,phase_out,HEURISTIC_PROXY,1.0,0.0,0.0
SQZI3776276086,phase_out,HEURISTIC_PROXY,1.0,0.0,0.0
SQZI377772198300,phase_out,HEURISTIC_PROXY,1.0,0.0,0.0
SQZI37791979311,phase_out,HEURISTIC_PROXY,1.0,0.0,0.0
SQZI37812280128,phase_out,HEURISTIC_PROXY,1.0,0.0,0.0
SQZI37813584118,phase_out,HEURISTIC_PROXY,1.0,0.0,0.0
SQZI37814284131,phase_out,HEURISTIC_PROXY,1.0,0.0,0.0
SQZI37814483130,phase_out,HEURISTIC_PROXY,1.0,0.0,0.0
SQZI37814984129,phase_out,HEURISTIC_PROXY,1.0,0.0,0.0
SQZI37815183127,phase_out,HEURISTIC_PROXY,1.0,0.0,1.0
SQZI37815481117,phase_out,HEURISTIC_PROXY,1.0,0.0,0.0
SQZI37815582127,phase_out,HEURISTIC_PROXY,1.0,0.0,1.0
SQZI37815984126,phase_out,HEURISTIC_PROXY,1.0,0.0,0.0
SQZI37816782122,phase_out,HEURISTIC_PROXY,1.0,0.0,0.0
SQZI37817378138,phase_out,HEURISTIC_PROXY,1.0,0.0,0.0
SQZI378304207290,phase_out,HEURISTIC_PROXY,1.0,0.0,0.0
SQZI378307216307,phase_out,HEURISTIC_PROXY,1.0,0.0,0.0
SQZI378309201299,phase_out,HEURISTIC_PROXY,1.0,0.0,0.0
SQZI378314209304,phase_out,HEURISTIC_PROXY,1.0,0.0,0.0
SQZI378344209303,phase_out,HEURISTIC_PROXY,1.0,0.0,0.0
SQZIKH32482186124,phase_out,HEURISTIC_PROXY,1.0,0.0,0.0
SQZIKH32482283124,phase_out,HEURISTIC_PROXY,1.0,0.0,0.0
SQZIKH32540183125,phase_out,HEURISTIC_PROXY,1.0,0.0,0.0
SQZIKH32540382130,phase_out,HEURISTIC_PROXY,1.0,0.0,0.0
SQZIKH32541381133,phase_out,HEURISTIC_PROXY,1.0,0.0,0.0
SQZIKH32905783121,phase_out,HEURISTIC_PROXY,1.0,0.0,0.0
SQZIKH32905983127,phase_out,HEURISTIC_PROXY,1.0,0.0,0.0
SQZIKH32906088127,phase_out,HEURISTIC_PROXY,1.0,0.0,0.0
SQZIKH32906288127,phase_out,HEURISTIC_PROXY,1.0,0.0,0.0
SQZIKH32906381124,phase_out,HEURISTIC_PROXY,1.0,0.0,0.0
SQZIKH32906982132,phase_out,HEURISTIC_PROXY,1.0,0.0,0.0
SQZIKH32907784128,phase_out,HEURISTIC_PROXY,1.0,0.0,0.0
SQZIKH32907882125,phase_out,HEURISTIC_PROXY,1.0,0.0,0.0
SQZIKH32908084125,phase_out,HEURISTIC_PROXY,1.0,0.0,0.0
SQZIKH32908585127,phase_out,HEURISTIC_PROXY,1.0,0.0,0.0
SQZIKH32911182121,phase_out,HEURISTIC_PROXY,1.0,0.0,0.0
SQZIKH33119879132,phase_out,HEURISTIC_PROXY,1.0,0.0,0.0
SQZIKH33120280133,phase_out,HEURISTIC_PROXY,1.0,0.0,0.0
SQZIKH331349201305,phase_out,HEURISTIC_PROXY,1.0,0.0,0.0
SQZIKH331350217296,phase_out,HEURISTIC_PROXY,1.0,0.0,0.0
SQZIKH331785259177,phase_out,HEURISTIC_PROXY,1.0,0.0,0.0
SQZIKH331804220309,phase_out,HEURISTIC_PROXY,1.0,0.0,0.0
SQZIKH33187782125,phase_out,HEURISTIC_PROXY,1.0,0.0,0.0
SQZIKH331981207160,phase_out,HEURISTIC_PROXY,1.0,0.0,0.0
SQZIKH3395236493,phase_out,HEURISTIC_PROXY,1.0,0.0,0.0
SQZIKH3395296593,phase_out,HEURISTIC_PROXY,1.0,0.0,0.0
SQZIKH3395326594,phase_out,HEURISTIC_PROXY,1.0,0.0,0.0
SQZIKH340768189130,phase_out,HEURISTIC_PROXY,1.0,0.0,0.0
SQZIKH343564368273,phase_out,HEURISTIC_PROXY,1.0,0.0,0.0
SQZIKH34359283128,phase_out,HEURISTIC_PROXY,1.0,0.0,0.0
SQZIKH34581690134,phase_out,HEURISTIC_PROXY,1.0,0.0,0.0
SQZIKH345918209296,phase_out,HEURISTIC_PROXY,1.0,0.0,0.0
SQZIKH34646384125,phase_out,HEURISTIC_PROXY,1.0,0.0,0.0
SQZIKH34647684124,phase_out,HEURISTIC_PROXY,1.0,0.0,0.0
SQZIKH34648184123,phase_out,HEURISTIC_PROXY,1.0,0.0,0.0
SQZIKH34650587134,phase_out,HEURISTIC_PROXY,1.0,0.0,0.0
SQZIKH35039885130,phase_out,HEURISTIC_PROXY,1.0,0.0,0.0
SQZIKH350535209306,phase_out,HEURISTIC_PROXY,1.0,0.0,0.0
SQZIKH3530836491,phase_out,HEURISTIC_PROXY,1.0,0.0,0.0
SQZIKH3532146493,phase_out,HEURISTIC_PROXY,1.0,0.0,0.0
SQZIKH3532536389,phase_out,HEURISTIC_PROXY,1.0,0.0,0.0
SQZIKH35721195292,phase_out,HEURISTIC_PROXY,1.0,0.0,0.0
SQZIKH357323178241,phase_out,HEURISTIC_PROXY,1.0,0.0,0.0
SQZIKH357364204305,phase_out,HEURISTIC_PROXY,1.0,0.0,0.0
SQZIKH35741180126,phase_out,HEURISTIC_PROXY,1.0,0.0,0.0
SQZIKH357420193128,phase_out,HEURISTIC_PROXY,1.0,0.0,0.0
SQZIKH35783584120,phase_out,HEURISTIC_PROXY,1.0,0.0,0.0
SQZIKH36123978313,phase_out,HEURISTIC_PROXY,1.0,0.0,0.0
SQZIKH36126689125,phase_out,HEURISTIC_PROXY,1.0,0.0,0.0
SQZIKH361563245177,phase_out,HEURISTIC_PROXY,1.0,0.0,0.0
SQZIKH362221122190,phase_out,HEURISTIC_PROXY,1.0,0.0,0.0
SQZIKH370523156214,phase_out,HEURISTIC_PROXY,1.0,0.0,0.0
SQZIKH370717128181,phase_out,HEURISTIC_PROXY,1.0,0.0,0.0
SQZIKH370791153210,phase_out,HEURISTIC_PROXY,1.0,0.0,0.0
SQZIKH370801154201,phase_out,HEURISTIC_PROXY,1.0,0.0,0.0
SQZIKH375989252301,phase_out,HEURISTIC_PROXY,1.0,0.0,0.0
SQZIKH3772666092,phase_out,HEURISTIC_PROXY,1.0,0.0,0.0
SQZIKH3772696290,phase_out,HEURISTIC_PROXY,1.0,0.0,0.0
SQZIKH3772806493,phase_out,HEURISTIC_PROXY,1.0,0.0,0.0
SQZIKH3772856492,phase_out,HEURISTIC_PROXY,1.0,0.0,0.0
SQZIKH3772876494,phase_out,HEURISTIC_PROXY,1.0,0.0,0.0
SQZIKH3772956090,phase_out,HEURISTIC_PROXY,1.0,0.0,0.0
SQZIKH3773016097,phase_out,HEURISTIC_PROXY,1.0,0.0,0.0
SQZIKH3773065892,phase_out,HEURISTIC_PROXY,1.0,0.0,0.0
SQZIKH3773076092,phase_out,HEURISTIC_PROXY,1.0,0.0,0.0
SQZIKH37785859103,phase_out,HEURISTIC_PROXY,1.0,0.0,0.0
SQZIKH3778596096,phase_out,HEURISTIC_PROXY,1.0,0.0,0.0
SQZIKH3778716096,phase_out,HEURISTIC_PROXY,1.0,0.0,0.0
SQZIKH3778746092,phase_out,HEURISTIC_PROXY,1.0,0.0,0.0
SQZIKH3778766292,phase_out,HEURISTIC_PROXY,1.0,0.0,0.0
SQZIKH3778866190,phase_out,HEURISTIC_PROXY,1.0,0.0,0.0
SQZIKH3778895890,phase_out,HEURISTIC_PROXY,1.0,0.0,0.0
SQZIKH3786006296,phase_out,HEURISTIC_PROXY,1.0,0.0,0.0
SQZIKH3786026196,phase_out,HEURISTIC_PROXY,1.0,0.0,0.0
SQZIKH3786056793,phase_out,HEURISTIC_PROXY,1.0,0.0,0.0
SQZIKH3786095892,phase_out,HEURISTIC_PROXY,1.0,0.0,0.0
SQZIKH3786126397,phase_out,HEURISTIC_PROXY,1.0,0.0,0.0
SQZIKH3786816490,phase_out,HEURISTIC_PROXY,1.0,0.0,0.0
SQZIKH3786846699,phase_out,HEURISTIC_PROXY,1.0,0.0,0.0
SQZIKH3786946194,phase_out,HEURISTIC_PROXY,1.0,0.0,0.0
SQZIKH3786956487,phase_out,HEURISTIC_PROXY,1.0,0.0,0.0
TATIJAOPTIMA3916,active,HEURISTIC_PROXY,0.0,250.0,250.0
TKGLADEMP,active,HEURISTIC_PROXY,0.0,284.0,290.0
TKVK500PLUS,active,HEURISTIC_PROXY,0.0,13.0,18.0
TM135S160240,phase_out,HEURISTIC_PROXY,1.0,0.0,0.0
TM1S070140,phase_out,HEURISTIC_PROXY,1.0,0.0,0.0
TM1SM160240,phase_out,HEURISTIC_PROXY,2.0,1.0,0.0
TUKITCHENMAT29050,active,HEURISTIC_PROXY,18.0,20.0,7.0
TUKITCHENMAT30050,active,HEURISTIC_PROXY,26.0,23.0,4.0
TUKITCHENMAT31050,active,HEURISTIC_PROXY,28.0,25.0,6.0
TUKITCHENMAT32050,active,HEURISTIC_PROXY,24.0,20.0,4.0
TUKITCHENMAT33050,active,HEURISTIC_PROXY,20.0,28.0,6.0
TWI390011210133195,phase_out,HEURISTIC_PROXY,1.0,0.0,0.0
TWI390016699065130,phase_out,HEURISTIC_PROXY,2.0,1.0,0.0
TWI390016699160230,phase_out,HEURISTIC_PROXY,2.0,1.0,0.0
TWI390016868133195,phase_out,HEURISTIC_PROXY,1.0,0.0,0.0
TWI390016868160230,phase_out,HEURISTIC_PROXY,4.0,1.0,0.0
TWI390017777133195,phase_out,HEURISTIC_PROXY,1.0,0.0,0.0
TWI390017777160230,phase_out,HEURISTIC_PROXY,3.0,1.0,0.0
TWIWHITE080,phase_out,HEURISTIC_PROXY,1.0,0.0,0.0
VEARACELI160,phase_out,HEURISTIC_PROXY,1.0,0.0,0.0
VEBEVERO080,phase_out,HEURISTIC_PROXY,1.0,0.0,0.0
VEBEVERO160,phase_out,HEURISTIC_PROXY,1.0,0.0,0.0
VEBEVERO200,phase_out,HEURISTIC_PROXY,1.0,0.0,0.0
VECLAREGR080,phase_out,HEURISTIC_PROXY,1.0,0.0,0.0
VECLAYBR140,phase_out,HEURISTIC_PROXY,1.0,0.0,0.0
VECLOUDY30BL080,active,HEURISTIC_PROXY,0.0,9.0,11.0
VECLOUDY30BL160,active,HEURISTIC_PROXY,0.0,6.0,7.0
VECLOUDY30GR080,active,HEURISTIC_PROXY,0.0,8.0,5.0
VECLOUDY30GR160,active,HEURISTIC_PROXY,0.0,4.0,4.0
VECLOUDY34GO080,active,HEURISTIC_PROXY,0.0,11.0,11.0
VECLOUDY34GO160,active,HEURISTIC_PROXY,0.0,8.0,6.0
VECLOUDY34GR080,active,HEURISTIC_PROXY,0.0,8.0,5.0
VECLOUDY34GR160,active,HEURISTIC_PROXY,0.0,5.0,4.0
VECLOUDY45ST080,active,HEURISTIC_PROXY,0.0,11.0,11.0
VECLOUDY45ST160,active,HEURISTIC_PROXY,0.0,4.0,7.0
VECLOUDY50RU080,active,HEURISTIC_PROXY,0.0,11.0,11.0
VECLOUDY50RU160,active,HEURISTIC_PROXY,0.0,8.0,6.0
VECLOUDY51ST080,active,HEURISTIC_PROXY,0.0,8.0,11.0
VECLOUDY51ST160,active,HEURISTIC_PROXY,0.0,7.0,6.0
VECLOUDY71ST080,active,HEURISTIC_PROXY,0.0,8.0,11.0
VECLOUDY71ST160,active,HEURISTIC_PROXY,0.0,7.0,6.0
VECLOUDY73ANTH080,active,HEURISTIC_PROXY,0.0,7.0,11.0
VECLOUDY73ANTH160,active,HEURISTIC_PROXY,0.0,4.0,6.0
VECLOUDY73ANTH200,active,HEURISTIC_PROXY,0.0,3.0,3.0
VECLOUDY74GREEN080,active,HEURISTIC_PROXY,0.0,10.0,11.0
VECLOUDY74GREEN160,active,HEURISTIC_PROXY,0.0,5.0,6.0
VECLOUDY77GO080,active,HEURISTIC_PROXY,0.0,10.0,11.0
VECLOUDY77GO160,active,HEURISTIC_PROXY,0.0,8.0,6.0
VEDELICE160,phase_out,HEURISTIC_PROXY,1.0,0.0,0.0
VEFADIA080,phase_out,HEURISTIC_PROXY,1.0,0.0,0.0
VEFRAN160,phase_out,HEURISTIC_PROXY,1.0,0.0,0.0
VEGABRIELA160,phase_out,HEURISTIC_PROXY,1.0,0.0,0.0
VELIANBE120R,phase_out,HEURISTIC_PROXY,2.0,1.0,0.0
VELORIBAF080,phase_out,HEURISTIC_PROXY,2.0,0.0,0.0
VEMALVINA080,phase_out,HEURISTIC_PROXY,1.0,0.0,0.0
VEMARTHA160,phase_out,HEURISTIC_PROXY,1.0,0.0,0.0
VEMARTHA200,phase_out,HEURISTIC_PROXY,1.0,0.0,0.0
VEOTILIA160,phase_out,HEURISTIC_PROXY,1.0,0.0,0.0
VEPASHABE140,phase_out,HEURISTIC_PROXY,1.0,0.0,0.0
VERAGNA080,phase_out,HEURISTIC_PROXY,1.0,0.0,0.0
VERAGNA140,phase_out,HEURISTIC_PROXY,1.0,0.0,0.0
VERAGNA160,phase_out,HEURISTIC_PROXY,1.0,0.0,0.0
VEROLAGREGORYGRMP,phase_out,HEURISTIC_PROXY,1.0,0.0,0.0
VEROLAYOLANDASTMP,phase_out,HEURISTIC_PROXY,1.0,0.0,0.0
VETOUCHBE080,phase_out,HEURISTIC_PROXY,6.0,2.0,0.0
VETOUCHBE200,phase_out,HEURISTIC_PROXY,1.0,0.0,0.0
VETOUCHBR080,phase_out,HEURISTIC_PROXY,2.0,1.0,0.0
VETOUCHBR140,phase_out,HEURISTIC_PROXY,1.0,0.0,0.0
VETOUCHBR160,phase_out,HEURISTIC_PROXY,1.0,0.0,0.0
VETOUCHGR080,active,HEURISTIC_PROXY,8.0,2.0,3.0
VETOUCHGR160,phase_out,HEURISTIC_PROXY,2.0,1.0,0.0
VETOUCHROYALBE080,phase_out,HEURISTIC_PROXY,3.0,0.0,0.0
VETOUCHROYALGO080,active,HEURISTIC_PROXY,5.0,6.0,5.0
VETOUCHROYALGO140,phase_out,HEURISTIC_PROXY,1.0,0.0,0.0
VETOUCHROYALGO160,phase_out,HEURISTIC_PROXY,1.0,0.0,0.0
VETOUCHROYALGR080,active,HEURISTIC_PROXY,2.0,5.0,5.0
VETOUCHROYALGR140,phase_out,HEURISTIC_PROXY,1.0,0.0,0.0
VETOUCHROYALGR160,phase_out,HEURISTIC_PROXY,4.0,1.0,0.0
VEVANDA200,phase_out,HEURISTIC_PROXY,1.0,0.0,0.0
WHCLOUDFLUFFYCA070SH,phase_out,HEURISTIC_PROXY,3.0,1.0,1.0
WHCLOUDFLUFFYGO070SH,phase_out,HEURISTIC_PROXY,2.0,0.0,0.0
WHCLOUDFLUFFYPI070SH,phase_out,HEURISTIC_PROXY,1.0,0.0,0.0
WHFLUFFYBE070,phase_out,HEURISTIC_PROXY,1.0,0.0,0.0
WHFLUFFYBE080R,phase_out,HEURISTIC_PROXY,1.0,0.0,0.0
WHFLUFFYBE110R,phase_out,HEURISTIC_PROXY,1.0,0.0,0.0
WHFLUFFYBE160,phase_out,HEURISTIC_PROXY,2.0,1.0,0.0
WHFLUFFYBE200,phase_out,HEURISTIC_PROXY,1.0,0.0,0.0
WHFLUFFYCA130,phase_out,HEURISTIC_PROXY,1.0,0.0,0.0
WHFLUFFYDEGG080R,phase_out,HEURISTIC_PROXY,1.0,0.0,0.0
WHFLUFFYDGR090,phase_out,HEURISTIC_PROXY,2.0,0.0,0.0
WHFLUFFYDGR110R,phase_out,HEURISTIC_PROXY,1.0,0.0,0.0
WHFLUFFYDGR170R,phase_out,HEURISTIC_PROXY,2.0,0.0,0.0
WHFLUFFYDGR180,phase_out,HEURISTIC_PROXY,1.0,0.0,0.0
WHFLUFFYDKNA045,phase_out,HEURISTIC_PROXY,1.0,0.0,0.0
WHFLUFFYDKNA080T,phase_out,HEURISTIC_PROXY,1.0,0.0,0.0
WHFLUFFYGO170R,phase_out,HEURISTIC_PROXY,1.0,0.0,0.0
WHFLUFFYGO220,phase_out,HEURISTIC_PROXY,3.0,0.0,0.0
WHFLUFFYLGR050,phase_out,HEURISTIC_PROXY,1.0,0.0,0.0
WHFLUFFYLI070,phase_out,HEURISTIC_PROXY,1.0,0.0,0.0
WHFLUFFYLI220,phase_out,HEURISTIC_PROXY,1.0,0.0,0.0
WHFLUFFYLIGHPI080T,phase_out,HEURISTIC_PROXY,2.0,0.0,0.0
WHFLUFFYLIGHPI220,phase_out,HEURISTIC_PROXY,1.0,0.0,0.0
WHFLUFFYLONGBE080T,phase_out,HEURISTIC_PROXY,1.0,0.0,0.0
WHFLUFFYLONGBE200,phase_out,HEURISTIC_PROXY,1.0,0.0,0.0
WHFLUFFYLONGBL200,phase_out,HEURISTIC_PROXY,1.0,0.0,0.0
WHFLUFFYLONGCA080T,phase_out,HEURISTIC_PROXY,1.0,0.0,0.0
WHFLUFFYLONGCA130,phase_out,HEURISTIC_PROXY,3.0,0.0,0.0
WHFLUFFYLONGCA160,phase_out,HEURISTIC_PROXY,3.0,1.0,0.0
WHFLUFFYLONGCA200,phase_out,HEURISTIC_PROXY,4.0,1.0,0.0
WHFLUFFYLONGLI130,phase_out,HEURISTIC_PROXY,1.0,0.0,0.0
WHFLUFFYLONGLI160,phase_out,HEURISTIC_PROXY,2.0,0.0,0.0
WHFLUFFYLONGPI070,phase_out,HEURISTIC_PROXY,1.0,0.0,0.0
WHFLUFFYLONGPI080T,phase_out,HEURISTIC_PROXY,1.0,0.0,0.0
WHFLUFFYLONGPI160,active,HEURISTIC_PROXY,1.0,1.0,3.0
WHFLUFFYLONGPI200,phase_out,HEURISTIC_PROXY,2.0,0.0,2.0
WHFLUFFYLONGROSE050,phase_out,HEURISTIC_PROXY,2.0,0.0,0.0
WHFLUFFYLONGROSE130,phase_out,HEURISTIC_PROXY,4.0,0.0,0.0
WHFLUFFYLONGROSE200,phase_out,HEURISTIC_PROXY,2.0,0.0,0.0
WHFLUFFYLONGWH080T,phase_out,HEURISTIC_PROXY,1.0,0.0,0.0
WHFLUFFYPI050,phase_out,HEURISTIC_PROXY,1.0,0.0,0.0
WHFLUFFYPI200,phase_out,HEURISTIC_PROXY,2.0,0.0,0.0
WHFLUFFYWH080T,phase_out,HEURISTIC_PROXY,3.0,0.0,0.0
WHFLUFFYWH090,phase_out,HEURISTIC_PROXY,1.0,0.0,0.0
WHHEARTFLUFFYBE110R,phase_out,HEURISTIC_PROXY,1.0,0.0,1.0
WHHEARTFLUFFYCA110R,phase_out,HEURISTIC_PROXY,2.0,0.0,1.0
WHHEARTFLUFFYGO110R,phase_out,HEURISTIC_PROXY,3.0,1.0,2.0
WHHEARTFLUFFYPI110R,phase_out,HEURISTIC_PROXY,1.0,0.0,0.0
WHPUFFLUFFYBE120180,phase_out,HEURISTIC_PROXY,2.0,0.0,1.0
WHTEDYFLUFFYLI080SH,phase_out,HEURISTIC_PROXY,1.0,0.0,0.0
WHTEDYFLUFFYLIGHPI080SH,phase_out,HEURISTIC_PROXY,2.0,1.0,0.0
WHTEDYFLUFFYWH080SH,phase_out,HEURISTIC_PROXY,1.0,0.0,0.0
WSELEPHANTBAG,active,HEURISTIC_PROXY,0.0,7.0,4.0
WSFLAMINGOBAG,active,HEURISTIC_PROXY,0.0,7.0,3.0
WSPOLARBAG,active,HEURISTIC_PROXY,0.0,6.0,3.0
WSSLOTHBAG,active,HEURISTIC_PROXY,0.0,8.0,3.0
WSTURTLEBAG,active,HEURISTIC_PROXY,0.0,7.0,4.0
YDDREAM062GR160,phase_out,HEURISTIC_PROXY,2.0,1.0,1.0
YDDREAM1014GR080,active,HEURISTIC_PROXY,1.0,2.0,3.0
YDDREAM1014GR160,phase_out,HEURISTIC_PROXY,2.0,0.0,1.0
YDDREAM1126MU160,phase_out,HEURISTIC_PROXY,1.0,0.0,0.0
YDDREAM1975MU080,active,HEURISTIC_PROXY,0.0,0.0,3.0
YDDREAM1975MU140,phase_out,HEURISTIC_PROXY,2.0,1.0,0.0
YDDREAM1975MU160,phase_out,HEURISTIC_PROXY,1.0,0.0,0.0
YDDREAM3046MU160,phase_out,HEURISTIC_PROXY,1.0,0.0,0.0
YDDREAM5013BL140,phase_out,HEURISTIC_PROXY,1.0,0.0,0.0
YDDREAM5013BL160,phase_out,HEURISTIC_PROXY,3.0,1.0,0.0
YDDREAM5018MU080,active,HEURISTIC_PROXY,2.0,1.0,5.0
YDDREAM5020MU080,active,HEURISTIC_PROXY,0.0,2.0,5.0
YDDREAM5044MU080,active,HEURISTIC_PROXY,1.0,0.0,4.0
YDDREAM5082BE080,active,HEURISTIC_PROXY,2.0,5.0,4.0
YDDREAM541SI080,active,HEURISTIC_PROXY,2.0,2.0,3.0
YDDREAM563GO080,phase_out,HEURISTIC_PROXY,3.0,1.0,0.0
YDDREAM563GO140,phase_out,HEURISTIC_PROXY,1.0,0.0,0.0
YDDREAM563GO160,phase_out,HEURISTIC_PROXY,2.0,1.0,0.0
YDDREAM6148BR160,phase_out,HEURISTIC_PROXY,2.0,0.0,0.0
YDDREAM6148GR140,phase_out,HEURISTIC_PROXY,1.0,0.0,0.0
YDDREAM6164BE080,phase_out,HEURISTIC_PROXY,2.0,1.0,1.0
YDDREAM6164BE140,phase_out,HEURISTIC_PROXY,3.0,1.0,1.0
YDDREAM6164BE160,phase_out,HEURISTIC_PROXY,4.0,1.0,0.0
YDDREAM6164GR140,phase_out,HEURISTIC_PROXY,1.0,0.0,0.0
YDDREAM6164GR160,phase_out,HEURISTIC_PROXY,3.0,0.0,0.0
YDDREAM620BL160,phase_out,HEURISTIC_PROXY,2.0,1.0,0.0
YDDREAM620GR080,phase_out,HEURISTIC_PROXY,1.0,0.0,2.0
YDDREAM620GR160,phase_out,HEURISTIC_PROXY,2.0,1.0,1.0
YDDREAM6212BE160,phase_out,HEURISTIC_PROXY,1.0,0.0,0.0
YDDREAM6263MU080,active,HEURISTIC_PROXY,0.0,0.0,4.0
YDDREAM6302MU160,phase_out,HEURISTIC_PROXY,2.0,1.0,0.0
YDDREAM6325MU080T,phase_out,HEURISTIC_PROXY,1.0,0.0,0.0
YDDREAM6390BE160,active,HEURISTIC_PROXY,0.0,1.0,3.0
YDDREAM6566MU160,phase_out,HEURISTIC_PROXY,2.0,1.0,0.0
YDDREAM66GO080,active,HEURISTIC_PROXY,0.0,5.0,3.0
YDDREAM727BL080,active,HEURISTIC_PROXY,0.0,2.0,6.0
YDDREAM727BL160,active,HEURISTIC_PROXY,0.0,4.0,3.0
YDDREAM727MU080,active,HEURISTIC_PROXY,3.0,1.0,3.0
YDDREAM727MU160,active,HEURISTIC_PROXY,0.0,0.0,3.0
YDDREAM867MU080T,phase_out,HEURISTIC_PROXY,4.0,2.0,0.0
ZHHENLEYCO090,phase_out,HEURISTIC_PROXY,1.0,0.0,0.0
ZHHENLEYIV160,phase_out,HEURISTIC_PROXY,1.0,0.0,0.0
ZHNEWJANSI200,phase_out,HEURISTIC_PROXY,1.0,0.0,0.0
ZHREMYTE160,phase_out,HEURISTIC_PROXY,1.0,0.0,0.0
ZHSANDY153244,phase_out,HEURISTIC_PROXY,2.0,1.0,0.0
